village_id,first_stop,assigned_DH_SDH,closest_facility_type,t_phc_min,t_chc_min,t_dh_sdh_min,d_phc_km,d_chc_km,d_dh_sdh_km,phc_is_functional,chc_is_functional,comment
422247,2815876772,2726882281,CHC,24.706666666666667,19.42,54.635,21.7269,13.703299999999999,41.2775,True,True,CHC is closer and functional
422241,2815876772,2726882281,CHC,33.135,27.798333333333336,65.86666666666666,24.8139,16.7903,48.0003,True,True,CHC is closer and functional
422242,2815876772,2726882281,CHC,27.17,21.833333333333332,59.901666666666664,22.5186,14.495,45.7049,True,True,CHC is closer and functional
422248,2815876772,2726882281,CHC,25.15,19.863333333333333,55.07833333333333,22.023400000000002,13.999799999999999,41.574,True,True,CHC is closer and functional
422249,2815876772,2726882281,CHC,22.191666666666666,16.904999999999998,52.12,20.1304,12.1068,39.681,True,True,CHC is closer and functional
422181,2815876772,2726882281,CHC,21.141666666666666,15.805,53.873333333333335,18.504099999999998,10.4805,41.6905,True,True,CHC is closer and functional
422229,2815876772,2726882281,CHC,14.568333333333333,9.231666666666666,47.3,14.137799999999999,6.114199999999999,37.3242,True,True,CHC is closer and functional
422246,2815876772,2726882281,CHC,24.288333333333334,19.001666666666665,54.21666666666667,21.4496,13.426,41.0002,True,True,CHC is closer and functional
422175,2815876772,2726882281,CHC,54.47,49.13333333333333,87.20166666666667,33.6935,25.669900000000002,56.8798,True,True,CHC is closer and functional
422232,2815876772,2726882281,CHC,17.828333333333333,12.491666666666667,50.559999999999995,16.3067,8.283100000000001,39.493,True,True,CHC is closer and functional
422231,2815876772,2726882281,CHC,14.568333333333333,9.231666666666666,47.3,14.137799999999999,6.114199999999999,37.3242,True,True,CHC is closer and functional
422237,2815876772,2726882281,CHC,24.33,18.993333333333332,57.06166666666666,19.8669,11.8433,43.0532,True,True,CHC is closer and functional
422233,2815876772,2726882281,CHC,18.14333333333333,12.806666666666667,50.875,16.518099999999997,8.4945,39.7044,True,True,CHC is closer and functional
422182,2815876772,2726882281,CHC,18.78666666666667,13.45,51.51833333333333,16.9306,8.907,40.1169,True,True,CHC is closer and functional
422170,2815876772,2726882281,CHC,59.568333333333335,54.23166666666667,92.815,34.5837,26.5601,53.1342,True,True,CHC is closer and functional
422163,1655613568,2726882281,PHC,11.831666666666667,18.05666666666667,45.651666666666664,5.4914,13.7544,42.4176,True,True,PHC is closer and functional
422160,1655613568,2726882281,PHC,4.3,10.525,38.12,2.3571999999999997,10.6202,39.2834,True,True,PHC is closer and functional
422171,2815876772,2726882281,CHC,56.655,51.318333333333335,89.38666666666667,33.3913,25.3677,56.5777,True,True,CHC is closer and functional
422173,2815876772,2726882281,CHC,52.373333333333335,47.03666666666666,85.105,31.6036,23.58,54.7899,True,True,CHC is closer and functional
422164,1655613568,2726882281,PHC,14.448333333333332,20.673333333333336,48.26833333333333,7.541399999999999,15.8044,44.467699999999994,True,True,PHC is closer and functional
422140,1474653787,2726882281,PHC,10.001666666666667,16.505,41.275,4.9734,9.3294,38.4794,True,True,PHC is closer and functional
422159,1655613568,2726882281,PHC,0.0,7.836666666666667,34.59666666666667,0.0,10.5259,37.6986,True,True,PHC is closer and functional
422152,1655613568,2726882281,PHC,5.8,12.025,39.62,4.0324,12.295399999999999,40.9586,True,True,PHC is closer and functional
422176,2815876772,2726882281,CHC,37.5,32.163333333333334,70.23166666666665,25.4161,17.3925,48.6025,True,True,CHC is closer and functional
422178,1655613568,2726882281,PHC,20.753333333333334,26.978333333333335,54.57333333333334,9.2077,17.470599999999997,46.133900000000004,True,True,PHC is closer and functional
422165,1655613568,2726882281,PHC,17.376666666666665,23.601666666666667,51.19666666666667,8.7592,17.0222,45.6855,True,True,PHC is closer and functional
422167,1655613568,2726882281,PHC,24.895,31.12,58.715,10.9333,19.1963,47.8595,True,True,PHC is closer and functional
422243,2815876772,2726882281,CHC,24.726666666666667,19.39,57.458333333333336,20.897299999999998,12.873700000000001,44.0836,True,True,CHC is closer and functional
422245,2815876772,2726882281,CHC,25.15,19.863333333333333,55.07833333333333,22.023400000000002,13.999799999999999,41.574,True,True,CHC is closer and functional
422240,2815876772,2726882281,CHC,42.68833333333334,37.35166666666667,75.42,28.7931,20.7695,51.9794,True,True,CHC is closer and functional
422184,2815876772,2726882281,CHC,16.404999999999998,11.068333333333333,49.13666666666666,15.341899999999999,7.3183,38.5282,True,True,CHC is closer and functional
422185,2815876772,2726882281,CHC,12.321666666666665,6.985,45.05333333333333,12.6479,4.6243,35.834199999999996,True,True,CHC is closer and functional
422179,1655613568,2726882281,PHC,16.165,22.39,49.985,7.280399999999999,15.543299999999999,44.2066,True,True,PHC is closer and functional
422168,3736211214,2726882281,CHC,69.02333333333333,60.945,86.41833333333334,36.3307,25.2896,50.4803,True,True,CHC is closer and functional
422157,1655613568,2726882281,PHC,5.011666666666667,5.105,39.608333333333334,6.973199999999999,6.791,44.671800000000005,True,True,PHC is closer and functional
422162,1655613568,2726882281,PHC,8.253333333333334,14.478333333333333,42.07333333333334,4.7822,13.045200000000001,41.708400000000005,True,True,PHC is closer and functional
422158,1655613568,2726882281,PHC,5.591666666666667,5.6850000000000005,40.18833333333334,7.7917,7.6096,45.490300000000005,True,True,PHC is closer and functional
422239,2815876772,2726882281,CHC,28.881666666666668,23.545,61.61333333333334,21.822400000000002,13.7988,45.0088,True,True,CHC is closer and functional
422238,2815876772,2726882281,CHC,21.053333333333335,15.716666666666667,53.785,18.4527,10.4291,41.6391,True,True,CHC is closer and functional
422236,2815876772,2726882281,CHC,19.578333333333333,14.241666666666667,52.309999999999995,17.4739,9.450299999999999,40.6603,True,True,CHC is closer and functional
422235,2815876772,2726882281,CHC,19.69333333333333,14.356666666666666,52.425,17.537599999999998,9.514,40.7239,True,True,CHC is closer and functional
422234,2815876772,2726882281,CHC,16.666666666666668,11.33,49.39833333333333,15.5328,7.5092,38.719199999999994,True,True,CHC is closer and functional
422172,2815876772,2726882281,CHC,59.80833333333333,54.47166666666667,92.53999999999999,34.7019,26.6783,57.8883,True,True,CHC is closer and functional
422174,2815876772,2726882281,CHC,50.765,45.42833333333333,83.49666666666667,30.898799999999998,22.8752,54.0851,True,True,CHC is closer and functional
422177,2815876772,2726882281,CHC,38.233333333333334,32.89666666666667,70.96499999999999,25.722900000000003,17.6993,48.9093,True,True,CHC is closer and functional
422180,2815876772,2726882281,CHC,23.755,18.418333333333333,56.486666666666665,19.684099999999997,11.6605,42.8705,True,True,CHC is closer and functional
422183,1655613568,2726882281,PHC,4.67,10.895000000000001,38.958333333333336,3.2986,11.5616,40.5114,True,True,PHC is closer and functional
422148,3736211214,2726882281,CHC,64.47333333333333,56.394999999999996,81.86833333333334,34.4408,23.3996,48.5904,True,True,CHC is closer and functional
422186,1655613568,2726882281,PHC,3.4699999999999998,3.5633333333333335,38.06666666666667,4.7954,4.613300000000001,42.494,True,True,PHC is closer and functional
422169,1655613568,2726882281,PHC,61.995,64.91666666666667,90.39,35.5916,26.9407,52.1315,True,True,PHC is closer and functional
422166,1655613568,2726882281,PHC,20.65,26.875,54.47,9.1231,17.386,46.0493,True,True,PHC is closer and functional
422161,1655613568,2726882281,PHC,9.978333333333333,16.203333333333333,43.79833333333333,4.6908,12.953700000000001,41.617,True,True,PHC is closer and functional
422244,2815876772,2726882281,CHC,22.215,16.878333333333334,54.94666666666667,19.2238,11.2002,42.4101,True,True,CHC is closer and functional
422250,2815876772,2726882281,CHC,22.191666666666666,16.904999999999998,52.12,20.1304,12.1068,39.681,True,True,CHC is closer and functional
422189,2815876772,2726882281,CHC,7.755,2.4183333333333334,40.486666666666665,9.5964,1.5728,32.7828,True,True,CHC is closer and functional
422193,2815876772,2726882281,CHC,15.85,2.4883333333333337,36.568333333333335,11.979899999999999,1.622,29.35,True,True,CHC is closer and functional
422187,1655613568,2726882281,PHC,4.33,4.596666666666667,38.92666666666666,6.125100000000001,5.9683,43.823699999999995,True,True,PHC is closer and functional
422253,2815876772,2726882281,CHC,21.355,16.068333333333335,51.28333333333333,19.5742,11.550600000000001,39.1248,True,True,CHC is closer and functional
422227,2815876772,2726882281,CHC,15.763333333333332,10.476666666666667,45.69166666666667,15.853299999999999,7.8297,35.4039,True,True,CHC is closer and functional
422218,8827281273,2726882281,PHC,11.013333333333332,14.521666666666667,48.205000000000005,7.0078000000000005,12.3574,37.2472,True,True,PHC is closer and functional
422225,2815876772,2726882281,CHC,14.423333333333334,1.305,39.04833333333333,10.5381,1.3,32.0881,True,True,CHC is closer and functional
422220,2815876772,2726882281,CHC,6.1433333333333335,5.091666666666667,38.775,7.7375,6.6658,31.5556,True,True,CHC is closer and functional
422230,2815876772,2726882281,CHC,14.568333333333333,9.231666666666666,47.3,14.137799999999999,6.114199999999999,37.3242,True,True,CHC is closer and functional
422258,2815876772,2726882281,CHC,15.596666666666666,10.31,45.525,15.743,7.719399999999999,35.2936,True,True,CHC is closer and functional
422203,8827281273,2726882281,PHC,4.135,7.79,41.473333333333336,4.3535,9.7235,34.6132,True,True,PHC is closer and functional
422198,8827281273,2726882281,PHC,4.571666666666667,6.415,40.098333333333336,5.6189,8.437899999999999,33.3277,True,True,PHC is closer and functional
422205,8827281273,2726882281,PHC,1.45,13.398333333333333,47.08166666666667,1.1887,18.304,43.1938,True,True,PHC is closer and functional
422211,3664237744,2726882281,PHC,0.035,57.041666666666664,48.318333333333335,0.014199999999999999,30.2205,25.788,True,True,PHC is closer and functional
422142,1474653787,2726882281,PHC,8.463333333333333,10.136666666666667,45.39666666666667,5.0646,6.6914,31.3592,True,True,PHC is closer and functional
422257,2815876772,2726882281,CHC,18.596666666666668,12.371666666666666,47.586666666666666,17.7058,9.087200000000001,36.6614,True,True,CHC is closer and functional
422268,8827281273,2726882281,PHC,9.985000000000001,13.493333333333334,47.17666666666666,6.618399999999999,11.968,36.857800000000005,True,True,PHC is closer and functional
422266,8827281273,2726882281,PHC,9.985000000000001,13.493333333333334,47.17666666666666,6.618399999999999,11.968,36.857800000000005,True,True,PHC is closer and functional
422267,8827281273,2726882281,PHC,9.985000000000001,13.493333333333334,47.17666666666666,6.618399999999999,11.968,36.857800000000005,True,True,PHC is closer and functional
422196,2815876772,2726882281,CHC,6.858333333333333,5.806666666666667,39.49,8.7515,7.6798,32.5696,True,True,CHC is closer and functional
422147,2815876772,2726882281,CHC,18.226666666666667,14.881666666666666,28.341666666666665,8.2802,8.7843,23.2684,True,True,CHC is closer and functional
422145,2815876772,2726882281,CHC,17.446666666666665,11.173333333333334,32.251666666666665,8.8155,6.2713,25.8825,True,True,CHC is closer and functional
422200,2815876772,2726882281,CHC,19.248333333333335,13.860000000000001,27.32,8.706700000000001,8.3578,22.841900000000003,True,True,CHC is closer and functional
422146,1474653787,2726882281,PHC,5.738333333333333,20.06833333333333,45.443333333333335,3.8131999999999997,13.8435,30.3705,True,True,PHC is closer and functional
422199,1474653787,2726882281,PHC,15.82,17.288333333333334,30.748333333333335,7.2815,9.783,24.2671,True,True,PHC is closer and functional
422222,2815876772,2726882281,CHC,19.458333333333332,6.34,41.555,14.3252,5.0871,32.6613,True,True,CHC is closer and functional
422202,2815876772,2726882281,CHC,21.758333333333333,13.683333333333334,24.758333333333333,10.0159,8.5836,21.532700000000002,True,True,CHC is closer and functional
422201,2815876772,2726882281,CHC,21.396666666666665,13.321666666666665,25.12,9.775799999999998,8.343399999999999,21.7728,True,True,CHC is closer and functional
422223,2815876772,2726882281,CHC,21.52,8.401666666666667,43.61666666666667,15.6914,6.4533000000000005,34.0275,True,True,CHC is closer and functional
422219,8827281273,2726882281,PHC,11.013333333333332,14.521666666666667,48.205000000000005,7.0078000000000005,12.3574,37.2472,True,True,PHC is closer and functional
422265,8827281273,2726882281,PHC,9.985000000000001,13.493333333333334,47.17666666666666,6.618399999999999,11.968,36.857800000000005,True,True,PHC is closer and functional
422217,8827281273,2726882281,PHC,9.985000000000001,13.493333333333334,47.17666666666666,6.618399999999999,11.968,36.857800000000005,True,True,PHC is closer and functional
422255,2815876772,2726882281,CHC,17.759999999999998,12.473333333333333,47.68833333333334,17.1792,9.1556,36.729800000000004,True,True,CHC is closer and functional
422251,2815876772,2726882281,CHC,22.191666666666666,16.904999999999998,52.12,20.1304,12.1068,39.681,True,True,CHC is closer and functional
422188,2815876772,2726882281,CHC,9.451666666666666,4.115,42.18333333333333,10.732299999999999,2.7087,33.918699999999994,True,True,CHC is closer and functional
422262,2815876772,2726882281,CHC,23.19,16.965,52.18,20.7608,12.1422,39.7165,True,True,CHC is closer and functional
422260,2815876772,2726882281,CHC,22.67,16.445,51.66,20.415599999999998,11.797,39.371199999999995,True,True,CHC is closer and functional
422264,8827281273,2726882281,PHC,9.985000000000001,13.493333333333334,47.17666666666666,6.618399999999999,11.968,36.857800000000005,True,True,PHC is closer and functional
422254,2815876772,2726882281,CHC,20.613333333333333,14.388333333333332,49.60333333333333,19.0493,10.4307,38.0049,True,True,CHC is closer and functional
422256,2815876772,2726882281,CHC,18.35,12.125,47.34,17.543200000000002,8.9246,36.4989,True,True,CHC is closer and functional
422259,2815876772,2726882281,CHC,21.81,15.585,50.8,19.845,11.2264,38.8007,True,True,CHC is closer and functional
422191,2815876772,2726882281,CHC,11.128333333333334,6.433333333333334,40.330000000000005,6.936,4.3222,29.2574,True,True,CHC is closer and functional
422212,3664237744,2726882281,PHC,0.145,56.931666666666665,48.208333333333336,0.0596,30.175099999999997,25.7426,True,True,PHC is closer and functional
422194,2815876772,2726882281,CHC,19.131666666666668,5.864999999999999,36.17833333333333,15.867299999999998,3.5141,29.216900000000003,True,True,CHC is closer and functional
422144,2815876772,2726882281,CHC,15.368333333333334,10.673333333333334,36.09,8.702399999999999,6.0886000000000005,27.4911,True,True,CHC is closer and functional
422204,8827281273,2726882281,PHC,2.0816666666666666,9.231666666666666,42.915,2.0856999999999997,12.431299999999998,37.3211,True,True,PHC is closer and functional
422190,2815876772,2726882281,CHC,10.413333333333332,3.9566666666666666,41.99,6.894399999999999,3.1359,46.0444,True,True,CHC is closer and functional
422263,8827281273,2726882281,PHC,35.19666666666667,42.175,75.85833333333333,36.046099999999996,46.3693,71.2591,True,True,PHC is closer and functional
422261,2815876772,2726882281,CHC,25.303333333333335,19.078333333333333,54.29333333333333,22.1659,13.5473,41.1215,True,True,CHC is closer and functional
422252,2815876772,2726882281,CHC,19.955,14.668333333333333,49.88333333333333,18.640099999999997,10.6165,38.1908,True,True,CHC is closer and functional
422269,8827281273,2726882281,PHC,4.411666666666666,11.389999999999999,45.07333333333334,5.1381000000000006,15.4613,40.351099999999995,True,True,PHC is closer and functional
422226,2815876772,2726882281,CHC,19.95,6.831666666666666,42.04666666666667,14.6506,5.4125,32.9867,True,True,CHC is closer and functional
422228,2815876772,2726882281,CHC,14.293333333333333,8.956666666666667,47.025,13.9544,5.9308000000000005,37.140699999999995,True,True,CHC is closer and functional
422215,8827281273,2726882281,PHC,9.471666666666666,12.979999999999999,46.663333333333334,6.408,11.7575,36.6473,True,True,PHC is closer and functional
422214,8827281273,2726882281,PHC,4.918333333333334,11.896666666666667,45.580000000000005,5.983899999999999,16.307100000000002,41.1969,True,True,PHC is closer and functional
422221,2815876772,2726882281,CHC,16.451666666666668,3.3333333333333335,38.54833333333333,12.3261,3.088,30.662200000000002,True,True,CHC is closer and functional
422224,2815876772,2726882281,CHC,17.315,4.196666666666667,39.41166666666666,12.899799999999999,3.6616999999999997,31.2359,True,True,CHC is closer and functional
422216,8827281273,2726882281,PHC,8.381666666666666,11.889999999999999,45.57333333333334,5.952100000000001,11.3016,36.1914,True,True,PHC is closer and functional
422192,1474653787,2726882281,CHC,14.453333333333335,0.0,38.47833333333333,10.0994,0.0,30.5691,True,True,PHC is closer and functional
422208,8827281273,2726882281,PHC,0.0,13.566666666666666,47.25,0.0,17.0936,41.9834,True,True,PHC is closer and functional
422207,8827281273,2726882281,PHC,2.628333333333333,12.193333333333333,45.876666666666665,2.0923000000000003,16.605,41.494800000000005,True,True,PHC is closer and functional
422195,2815876772,2726882281,CHC,6.193333333333333,4.863333333333333,38.54666666666667,7.4835,6.1605,31.0503,True,True,CHC is closer and functional
422197,8827281273,2726882281,PHC,3.2800000000000002,7.543333333333334,41.22666666666667,3.4293,9.8775,34.767300000000006,True,True,PHC is closer and functional
422143,1474653787,2726882281,PHC,3.855,10.473333333333333,45.88666666666666,2.5686,7.4616999999999996,32.129400000000004,True,True,PHC is closer and functional
422141,1474653787,2726882281,PHC,7.503333333333333,13.423333333333334,44.413333333333334,3.9272,8.0579,39.751,True,True,PHC is closer and functional
422206,8827281273,2726882281,PHC,1.3299999999999998,13.278333333333334,46.961666666666666,1.0201,18.1355,43.0253,True,True,PHC is closer and functional
422210,3664237744,2726882281,PHC,0.0,57.07666666666667,48.35333333333333,0.0,30.2347,25.8022,True,True,PHC is closer and functional
422209,8827281273,2726882281,PHC,1.2483333333333335,13.196666666666665,46.88,0.904,18.0194,42.9092,True,True,PHC is closer and functional
422213,8827281273,2726882281,PHC,7.12,14.098333333333333,47.781666666666666,9.002,19.325200000000002,44.215,True,True,PHC is closer and functional
422270,8827281273,2726882281,PHC,4.411666666666666,11.389999999999999,45.07333333333334,5.1381000000000006,15.4613,40.351099999999995,True,True,PHC is closer and functional
421850,8333534462,8775846218,PHC,67.74499999999999,71.635,91.15333333333334,28.0981,35.410199999999996,63.064099999999996,True,True,PHC is closer and functional
422096,3736211214,2726882281,CHC,29.833333333333332,27.086666666666666,52.559999999999995,12.3774,11.223799999999999,36.4145,True,True,CHC is closer and functional
422095,3736211214,2726882281,CHC,23.23166666666667,20.485,45.958333333333336,9.6302,8.476600000000001,33.6674,True,True,CHC is closer and functional
422090,3736211214,2726882281,CHC,15.883333333333333,15.138333333333332,40.611666666666665,6.585,6.224600000000001,31.4154,True,True,CHC is closer and functional
422072,3736211214,2726882281,CHC,54.644999999999996,23.705,49.75,22.6435,9.8339,34.4454,True,True,CHC is closer and functional
422121,1655613568,2726882281,PHC,6.989999999999999,14.06,35.42333333333333,6.8313999999999995,11.802299999999999,35.8053,True,True,PHC is closer and functional
422151,1655613568,2726882281,PHC,10.436666666666667,16.66166666666667,44.25666666666667,5.9233,14.1863,42.8495,True,True,PHC is closer and functional
422106,3736211214,2726882281,CHC,32.825,7.403333333333333,25.898333333333333,15.234399999999999,4.9967,24.8843,True,True,CHC is closer and functional
422089,3736211214,2726882281,CHC,26.378333333333334,5.8,31.273333333333333,10.9,2.3593,27.550099999999997,True,True,CHC is closer and functional
421925,3736211214,2726882281,CHC,65.31333333333333,34.373333333333335,60.41833333333333,27.073700000000002,14.264100000000001,38.8756,True,True,CHC is closer and functional
422119,3736211214,2726882281,CHC,13.416666666666666,13.151666666666667,34.515,13.782200000000001,8.6649,32.6679,True,True,CHC is closer and functional
422154,1655613568,2726882281,PHC,16.735,29.191666666666666,50.555,8.4745,21.3977,45.4007,True,True,PHC is closer and functional
422149,3736211214,2726882281,CHC,48.04666666666667,39.968333333333334,65.44166666666666,27.6135,16.572400000000002,41.7631,True,True,CHC is closer and functional
422105,3736211214,2726882281,CHC,31.233333333333334,5.8116666666666665,27.993333333333332,13.347100000000001,3.1094,27.1142,True,True,CHC is closer and functional
422104,3736211214,2726882281,CHC,30.103333333333335,5.043333333333334,27.051666666666666,12.4892,2.3647,26.3695,True,True,CHC is closer and functional
422099,3736211214,2726882281,CHC,25.805,8.001666666666667,32.623333333333335,10.6815,3.2685999999999997,28.6445,True,True,CHC is closer and functional
422088,1111436422,2726882281,CHC,30.94,0.0,30.23166666666667,12.8096,0.0,27.100099999999998,True,True,PHC is closer and functional
422118,3736211214,2726882281,CHC,8.073333333333332,7.808333333333334,29.171666666666667,11.1621,6.0448,30.0478,True,True,CHC is closer and functional
422117,1655613568,2726882281,PHC,5.775,12.845,34.208333333333336,7.769,12.7399,36.7429,True,True,PHC is closer and functional
422107,3736211214,2726882281,CHC,51.89,7.791666666666667,26.28666666666667,36.8853,5.904100000000001,25.7918,True,True,CHC is closer and functional
422091,1111436422,2726882281,PHC,10.346666666666666,20.675,46.14833333333333,4.285699999999999,8.5239,33.7147,True,True,PHC is closer and functional
422139,1655613568,2726882281,PHC,9.421666666666665,15.563333333333333,39.41833333333333,6.1073,14.474,36.788599999999995,True,True,PHC is closer and functional
422150,1655613568,2726882281,PHC,14.875,27.331666666666667,48.695,7.7347,20.6579,44.6609,True,True,PHC is closer and functional
422120,1655613568,2726882281,PHC,8.373333333333333,10.431666666666667,31.795,6.6807,8.722,32.725,True,True,PHC is closer and functional
422102,3736211214,2726882281,CHC,9.356666666666666,7.971666666666667,29.334999999999997,11.357299999999999,4.7142,28.717200000000002,True,True,CHC is closer and functional
422100,3736211214,2726882281,CHC,27.003333333333334,8.75,33.37166666666666,11.1099,3.5754,28.9513,True,True,CHC is closer and functional
422098,3736211214,2726882281,CHC,29.543333333333333,12.235000000000001,36.85666666666667,12.2132,5.0208,30.3967,True,True,CHC is closer and functional
422097,3736211214,2726882281,CHC,37.181666666666665,31.66166666666667,56.28333333333333,23.0868,13.0867,38.4625,True,True,CHC is closer and functional
422103,3736211214,2726882281,CHC,18.631666666666668,11.636666666666667,33.0,11.293,6.0215,30.0244,True,True,CHC is closer and functional
422069,1111436422,2726882281,PHC,31.525,56.99166666666667,82.46499999999999,12.9355,23.5292,48.72,True,True,PHC is closer and functional
422094,1111436422,2726882281,PHC,33.223333333333336,58.690000000000005,84.16333333333334,13.7331,24.3268,49.5176,True,True,PHC is closer and functional
422071,1111436422,2726882281,PHC,9.786666666666667,40.79333333333333,66.26666666666667,4.0446,16.8541,42.0449,True,True,PHC is closer and functional
422153,1655613568,2726882281,PHC,12.996666666666666,25.453333333333333,46.81666666666667,6.9615,19.884700000000002,43.887699999999995,True,True,PHC is closer and functional
422087,3736211214,2726882281,CHC,39.669999999999995,10.383333333333333,32.678333333333335,17.7398,4.2649,27.3597,True,True,CHC is closer and functional
422092,1111436422,2726882281,PHC,4.233333333333333,26.788333333333334,52.26166666666666,1.7492999999999999,11.0603,36.2511,True,True,PHC is closer and functional
422086,3736211214,2726882281,CHC,47.35666666666667,16.416666666666668,42.461666666666666,19.5961,6.7865,31.398,True,True,CHC is closer and functional
422093,1111436422,2726882281,PHC,0.0,31.006666666666668,56.480000000000004,0.0,12.8096,38.0004,True,True,PHC is closer and functional
422070,1111436422,2726882281,PHC,15.908333333333333,44.55166666666666,70.025,6.555,18.430400000000002,43.621199999999995,True,True,PHC is closer and functional
422085,3736211214,2726882281,CHC,47.96333333333334,17.023333333333333,43.135,19.884400000000003,7.0748,31.6863,True,True,CHC is closer and functional
422155,1655613568,2726882281,PHC,12.551666666666668,20.168333333333333,41.531666666666666,6.8007,14.5024,38.5054,True,True,PHC is closer and functional
422138,1655613568,2726882281,PHC,7.6466666666666665,13.788333333333332,36.651666666666664,5.9825,14.349200000000002,35.6103,True,True,PHC is closer and functional
422156,1655613568,2726882281,PHC,6.906666666666666,13.048333333333334,35.11833333333333,6.889,15.255799999999999,35.835800000000006,True,True,PHC is closer and functional
422101,3736211214,2726882281,CHC,8.083333333333334,6.366666666666666,27.73,11.112,4.0128,28.0158,True,True,CHC is closer and functional
422073,3736211214,2726882281,CHC,51.91166666666666,20.971666666666668,47.016666666666666,21.5084,8.698799999999999,33.310300000000005,True,True,CHC is closer and functional
421969,Village→DH/SDH,2726882281,DH/SDH,23.611666666666668,33.53666666666667,16.99,27.212799999999998,44.3294,19.0363,True,True,Direct to DH/SDH
422074,1482735840,2726882281,PHC,10.568333333333333,21.65666666666667,30.89,4.3971,19.3545,26.243599999999997,True,True,PHC is closer and functional
421957,Village→DH/SDH,2726882281,DH/SDH,44.25666666666667,12.088333333333333,8.165,31.6292,17.0427,9.670200000000001,True,True,Direct to DH/SDH
422018,Village→DH/SDH,2726882281,DH/SDH,13.261666666666667,35.415,6.783333333333333,7.0725,32.781699999999994,4.9568,True,True,Direct to DH/SDH
422075,1482735840,2726882281,PHC,14.32,20.321666666666665,29.555,5.9558,17.2313,24.1203,True,True,PHC is closer and functional
422113,1474653787,2726882281,PHC,14.854999999999999,28.846666666666668,50.21,8.6953,16.2151,40.218,True,True,PHC is closer and functional
422039,3522883473,2726882281,PHC,16.535,43.876666666666665,25.996666666666666,7.7083,28.0503,15.0354,True,True,PHC is closer and functional
422037,1586854836,2726882281,PHC,10.163333333333332,37.230000000000004,19.35,3.985,25.2107,12.195799999999998,True,True,PHC is closer and functional
421962,Village→DH/SDH,2726882281,DH/SDH,43.72166666666667,32.86,7.63,29.2889,29.5075,7.329899999999999,True,True,Direct to DH/SDH
422116,1474653787,2726882281,PHC,14.5,16.09,37.45333333333333,9.5006,10.1204,34.123400000000004,True,True,PHC is closer and functional
422052,1586854836,2726882281,PHC,13.898333333333333,40.965,23.084999999999997,5.598,26.823700000000002,13.8088,True,True,PHC is closer and functional
422032,1586854836,2726882281,PHC,6.989999999999999,30.293333333333333,16.835,2.801,21.386400000000002,12.285200000000001,True,True,PHC is closer and functional
422111,3664482662,2726882281,PHC,10.308333333333334,67.76833333333333,38.725,4.2813,44.0043,15.921100000000001,True,True,PHC is closer and functional
422112,3736211214,2726882281,CHC,73.80333333333333,26.836666666666666,48.2,50.4769,15.3804,39.383300000000006,True,True,CHC is closer and functional
422058,1586854836,2726882281,PHC,3.9183333333333334,30.133333333333333,13.006666666666666,1.5775,21.0263,9.8684,True,True,PHC is closer and functional
422011,3522883473,2726882281,PHC,1.8183333333333331,38.248333333333335,9.616666666666667,1.9718,37.1095,9.284600000000001,True,True,PHC is closer and functional
422122,1474653787,2726882281,PHC,11.088333333333333,16.953333333333333,38.31666666666667,6.916,10.3309,34.3339,True,True,PHC is closer and functional
422062,1586854836,2726882281,PHC,7.755,21.598333333333336,16.843333333333334,6.2205,15.6048,14.5114,True,True,PHC is closer and functional
422130,3664482662,2726882281,PHC,20.753333333333334,57.335,28.703333333333333,8.6335,45.0537,17.2288,True,True,PHC is closer and functional
422002,Village→DH/SDH,2726882281,DH/SDH,13.666666666666666,23.591666666666665,7.045,16.2003,33.317,8.0238,True,True,Direct to DH/SDH
421960,Village→DH/SDH,2726882281,DH/SDH,45.525,34.663333333333334,11.568333333333333,28.291,28.509700000000002,8.9295,True,True,Direct to DH/SDH
421987,3664482662,2726882281,PHC,7.791666666666667,65.25166666666667,36.208333333333336,3.2358000000000002,42.958800000000004,14.8755,True,True,PHC is closer and functional
422022,1586854836,2726882281,PHC,7.876666666666667,47.12166666666667,18.490000000000002,3.1437,39.7311,11.9062,True,True,PHC is closer and functional
422014,3522883473,2726882281,PHC,6.836666666666667,38.891666666666666,10.26,5.5185,35.8663,8.0414,True,True,PHC is closer and functional
422036,1586854836,2726882281,PHC,5.75,43.568333333333335,14.936666666666667,2.2585,38.2942,10.469299999999999,True,True,PHC is closer and functional
422038,1586854836,2726882281,PHC,12.548333333333334,39.615,21.735,5.047,26.2727,13.2578,True,True,PHC is closer and functional
422035,1586854836,2726882281,PHC,2.7216666666666667,40.62833333333333,11.996666666666666,0.9625,36.8651,9.0402,True,True,PHC is closer and functional
422123,1474653787,2726882281,PHC,7.496666666666667,19.85,39.123333333333335,4.9242,13.681799999999999,35.2304,True,True,PHC is closer and functional
421926,1482735840,2726882281,PHC,16.52,22.255,31.488333333333333,6.8678,21.687,28.576,True,True,PHC is closer and functional
422077,Village→DH/SDH,2726882281,DH/SDH,30.971666666666668,20.11,11.726666666666667,18.658,18.8767,9.752799999999999,True,True,Direct to DH/SDH
422008,Village→DH/SDH,2726882281,DH/SDH,12.768333333333334,34.77833333333333,6.1466666666666665,14.2904,33.9388,6.113899999999999,True,True,Direct to DH/SDH
421982,Village→DH/SDH,2726882281,DH/SDH,33.57,22.708333333333332,9.128333333333334,21.0428,21.2615,7.368,True,True,Direct to DH/SDH
422060,1586854836,2726882281,PHC,11.006666666666666,26.821666666666665,20.095000000000002,6.649100000000001,17.612099999999998,14.94,True,True,PHC is closer and functional
422048,3522883473,2726882281,PHC,18.598333333333336,48.144999999999996,30.033333333333335,10.100299999999999,26.4602,21.3567,True,True,PHC is closer and functional
422127,1474653787,2726882281,PHC,10.275,32.35333333333333,53.71666666666667,6.688,20.923099999999998,44.926,True,True,PHC is closer and functional
422034,1586854836,2726882281,PHC,0.0,40.23166666666667,11.6,0.0,36.7154,8.8905,True,True,PHC is closer and functional
422023,1586854836,2726882281,PHC,8.581666666666667,47.82666666666667,19.195,3.4196999999999997,40.007,12.1822,True,True,PHC is closer and functional
422033,1586854836,2726882281,PHC,5.671666666666667,44.916666666666664,16.285,2.2272,38.8146,10.989700000000001,True,True,PHC is closer and functional
421968,Village→DH/SDH,2726882281,DH/SDH,24.925,34.85,18.303333333333335,28.4166,45.533300000000004,20.240099999999998,True,True,Direct to DH/SDH
421961,Village→DH/SDH,2726882281,DH/SDH,45.05333333333333,34.19166666666667,8.961666666666668,29.8029,30.0216,7.8439,True,True,Direct to DH/SDH
421991,3664482662,2726882281,PHC,12.006666666666666,45.99166666666667,16.948333333333334,4.9234,34.953300000000006,6.87,True,True,PHC is closer and functional
422025,3664482662,2726882281,PHC,21.633333333333333,56.49166666666667,27.86,8.925600000000001,43.621300000000005,15.7964,True,True,PHC is closer and functional
421988,3664482662,2726882281,PHC,6.796666666666667,64.25666666666667,35.21333333333334,2.8203,42.5433,14.46,True,True,PHC is closer and functional
422027,3664482662,2726882281,PHC,14.770000000000001,63.318333333333335,34.68666666666666,6.1414,47.5458,19.7209,True,True,PHC is closer and functional
422108,3736211214,2726882281,CHC,64.275,17.308333333333334,38.67166666666667,44.286199999999994,9.1897,33.192699999999995,True,True,CHC is closer and functional
422110,3664482662,2726882281,PHC,10.360000000000001,67.82,38.776666666666664,4.3096000000000005,44.032599999999995,15.949399999999999,True,True,PHC is closer and functional
422021,1586854836,2726882281,PHC,9.373333333333333,40.59666666666667,11.965,5.280600000000001,34.5289,6.7041,True,True,PHC is closer and functional
422020,Village→DH/SDH,2726882281,DH/SDH,8.74,36.41,7.778333333333333,5.9609,32.7881,4.9633,True,True,Direct to DH/SDH
422019,1586854836,2726882281,PHC,7.069999999999999,37.52333333333333,8.891666666666667,4.5359,33.982099999999996,6.1572,True,True,PHC is closer and functional
422129,1474653787,2726882281,PHC,15.770000000000001,29.368333333333332,46.30166666666666,7.2879,16.9438,30.0665,True,True,PHC is closer and functional
422001,Village→DH/SDH,2726882281,DH/SDH,13.286666666666667,35.29666666666667,6.665,13.2887,32.9371,5.1122,True,True,Direct to DH/SDH
421972,Village→DH/SDH,2726882281,DH/SDH,19.653333333333332,40.42833333333333,11.889999999999999,13.8535,33.8629,6.3827,True,True,Direct to DH/SDH
421976,Village→DH/SDH,2726882281,DH/SDH,41.09,30.228333333333335,4.2316666666666665,27.0772,27.295900000000003,4.112,True,True,Direct to DH/SDH
422078,1482735840,2726882281,PHC,6.65,26.863333333333333,36.09666666666667,2.7357,18.759900000000002,25.6489,True,True,PHC is closer and functional
422080,1482735840,2726882281,PHC,13.058333333333334,20.455,29.688333333333333,5.4073,16.0882,22.9772,True,True,PHC is closer and functional
421966,Village→DH/SDH,2726882281,DH/SDH,23.998333333333335,33.92333333333333,17.376666666666665,17.74,34.8567,9.5635,True,True,Direct to DH/SDH
421958,Village→DH/SDH,2726882281,DH/SDH,42.88333333333333,13.461666666666668,6.791666666666667,29.687099999999997,18.9847,7.7281,True,True,Direct to DH/SDH
421950,Village→DH/SDH,2726882281,DH/SDH,54.666666666666664,20.668333333333333,18.575,37.2668,17.0217,15.307799999999999,True,True,Direct to DH/SDH
422056,1586854836,2726882281,PHC,15.9,33.711666666666666,24.988333333333333,7.660399999999999,20.3838,15.9513,True,True,PHC is closer and functional
421973,Village→DH/SDH,2726882281,DH/SDH,48.156666666666666,37.294999999999995,8.756666666666666,32.1119,32.3306,4.8504,True,True,Direct to DH/SDH
422064,1474653787,2726882281,PHC,25.395,27.283333333333335,32.57,11.2559,13.8907,24.3384,True,True,PHC is closer and functional
422053,1586854836,2726882281,PHC,20.413333333333334,38.225,29.501666666666665,9.6027,22.3262,17.8936,True,True,PHC is closer and functional
422059,1586854836,2726882281,PHC,4.366666666666666,24.986666666666668,13.455,3.1274,18.6979,11.4184,True,True,PHC is closer and functional
422057,1586854836,2726882281,PHC,8.273333333333333,29.913333333333334,17.361666666666668,4.494800000000001,20.9516,12.7858,True,True,PHC is closer and functional
422015,Village→DH/SDH,2726882281,PHC,10.241666666666667,40.21666666666667,11.585,5.8587,34.715300000000006,6.8905,True,True,Direct to DH/SDH
421994,Village→DH/SDH,2726882281,DH/SDH,12.845,35.835,6.791666666666667,8.5645,30.7672,2.684,True,True,Direct to DH/SDH
422109,3664482662,2726882281,PHC,10.360000000000001,67.82,38.776666666666664,4.3096000000000005,44.032599999999995,15.949399999999999,True,True,PHC is closer and functional
421989,3664482662,2726882281,PHC,0.0,57.46,28.416666666666668,0.0,39.723,11.6398,True,True,PHC is closer and functional
421992,1586854836,2726882281,PHC,15.425,54.18666666666666,25.14333333333333,6.2513000000000005,38.342400000000005,10.2592,True,True,PHC is closer and functional
421993,Village→DH/SDH,2726882281,DH/SDH,16.116666666666667,39.666666666666664,10.623333333333333,9.9311,32.4001,4.3168999999999995,True,True,Direct to DH/SDH
422017,Village→DH/SDH,2726882281,PHC,6.79,36.175,7.543333333333334,6.339,33.8955,6.070600000000001,True,True,Direct to DH/SDH
421985,3664482662,2726882281,PHC,4.966666666666667,62.42666666666666,33.38333333333333,2.0658000000000003,41.7888,13.7056,True,True,PHC is closer and functional
422084,3736211214,2726882281,CHC,53.931666666666665,9.833333333333334,28.328333333333333,39.197900000000004,8.216700000000001,28.104400000000002,True,True,CHC is closer and functional
422068,Village→DH/SDH,2726882281,DH/SDH,46.76,21.916666666666668,21.15666666666667,26.6822,17.6683,15.588700000000001,True,True,Direct to DH/SDH
421974,Village→DH/SDH,2726882281,DH/SDH,40.86833333333333,30.006666666666668,4.453333333333333,26.761599999999998,26.9803,4.4276,True,True,Direct to DH/SDH
422082,3736211214,2726882281,CHC,20.0,13.466666666666667,22.7,8.2887,13.2069,20.0959,True,True,CHC is closer and functional
421970,Village→DH/SDH,2726882281,DH/SDH,20.101666666666667,30.026666666666664,13.479999999999999,16.1202,33.2368,7.9437,True,True,Direct to DH/SDH
421959,Village→DH/SDH,2726882281,DH/SDH,41.39833333333333,30.53666666666667,18.336666666666666,23.9453,24.164,11.488100000000001,True,True,Direct to DH/SDH
421963,Village→DH/SDH,2726882281,DH/SDH,46.01,17.985,9.918333333333333,30.2374,21.5658,8.2784,True,True,Direct to DH/SDH
422067,Village→DH/SDH,2726882281,DH/SDH,40.60333333333333,16.836666666666666,15.0,23.8493,15.873700000000001,12.755799999999999,True,True,Direct to DH/SDH
422054,3664237744,2726882281,PHC,18.05666666666667,46.79,38.06666666666667,7.4538,25.9745,21.542,True,True,PHC is closer and functional
422136,1474653787,2726882281,PHC,0.0,14.33,45.733333333333334,0.0,10.030299999999999,30.5571,True,True,PHC is closer and functional
422125,1474653787,2726882281,PHC,5.905,18.258333333333333,49.34666666666667,3.5785,12.336200000000002,41.8165,True,True,PHC is closer and functional
422131,1474653787,2726882281,PHC,15.555,28.36,41.01833333333333,7.1561,14.3784,27.871,True,True,PHC is closer and functional
422132,1474653787,2726882281,PHC,11.8,26.13,42.33166666666667,5.642,15.6723,28.4205,True,True,PHC is closer and functional
422126,1474653787,2726882281,PHC,7.803333333333333,20.15666666666667,51.245,5.0441,13.8017,43.2821,True,True,PHC is closer and functional
422047,3522883473,2726882281,PHC,17.915000000000003,52.07333333333334,29.35,9.792200000000001,28.0761,21.048599999999997,True,True,PHC is closer and functional
422128,1474653787,2726882281,PHC,17.73,36.43666666666666,48.845,9.8538,19.3737,31.1207,True,True,PHC is closer and functional
422031,1586854836,2726882281,PHC,11.713333333333333,35.016666666666666,21.558333333333334,4.7705,23.356,14.2548,True,True,PHC is closer and functional
422028,3664482662,2726882281,PHC,12.931666666666667,65.15666666666667,36.525,5.3747,48.3125,20.487599999999997,True,True,PHC is closer and functional
422049,3522883473,2726882281,PHC,11.978333333333333,53.24,23.413333333333334,6.8466000000000005,31.8953,18.103,True,True,PHC is closer and functional
422115,3736211214,2726882281,CHC,63.891666666666666,16.925,38.288333333333334,44.1256,9.029,33.032,True,True,CHC is closer and functional
421967,Village→DH/SDH,2726882281,DH/SDH,24.243333333333332,32.968333333333334,16.515,20.4067,35.5185,10.57,True,True,Direct to DH/SDH
421952,Village→DH/SDH,2726882281,DH/SDH,49.085,14.354999999999999,12.993333333333334,34.9688,16.6118,13.009799999999998,True,True,Direct to DH/SDH
421999,Village→DH/SDH,2726882281,DH/SDH,13.926666666666668,35.24333333333333,6.578333333333333,9.6359,30.3164,2.6321,True,True,Direct to DH/SDH
422009,3522883473,2726882281,PHC,8.803333333333335,40.99333333333333,12.361666666666668,6.2018,36.8545,9.0296,True,True,PHC is closer and functional
422135,1474653787,2726882281,PHC,11.004999999999999,22.103333333333335,34.76166666666666,5.278899999999999,11.7855,25.2781,True,True,PHC is closer and functional
421990,3664482662,2726882281,PHC,7.075,50.425,21.381666666666668,2.9211,36.802,8.7187,True,True,PHC is closer and functional
250557,Village→DH/SDH,2726882281,DH/SDH,7.4366666666666665,32.70333333333333,4.071666666666667,6.0498,30.665599999999998,2.8407,True,True,Direct to DH/SDH
421984,3664482662,2726882281,PHC,6.391666666666667,55.8,26.756666666666668,2.5944000000000003,38.9719,10.8887,True,True,PHC is closer and functional
421983,3664482662,2726882281,PHC,11.083333333333334,48.54333333333333,19.5,4.5683,35.9868,7.9035,True,True,PHC is closer and functional
421980,Village→DH/SDH,2726882281,DH/SDH,17.071666666666665,40.26166666666666,11.218333333333334,10.364700000000001,32.5675,4.4841999999999995,True,True,Direct to DH/SDH
422083,3736211214,2726882281,CHC,44.14666666666667,13.293333333333333,18.543333333333333,27.109299999999998,12.613700000000001,16.0158,True,True,CHC is closer and functional
421995,Village→DH/SDH,2726882281,DH/SDH,11.365,31.91,0.0,8.8905,28.6295,0.0,True,True,Direct to DH/SDH
421996,Village→DH/SDH,2726882281,DH/SDH,12.081666666666667,27.990000000000002,3.8466666666666667,10.6197,26.0957,2.5338000000000003,True,True,Direct to DH/SDH
422081,3736211214,2726882281,CHC,43.10166666666667,14.338333333333333,17.498333333333335,26.1513,13.5717,15.057799999999999,True,True,CHC is closer and functional
422079,Village→DH/SDH,2726882281,DH/SDH,39.945,17.495,14.341666666666667,23.2476,16.4755,12.154,True,True,Direct to DH/SDH
421979,Village→DH/SDH,2726882281,DH/SDH,36.669999999999995,25.808333333333334,6.028333333333333,23.8816,24.1003,4.5291999999999994,True,True,Direct to DH/SDH
421951,Village→DH/SDH,2726882281,DH/SDH,54.836666666666666,43.975,18.745,37.342,37.5606,15.383,True,True,Direct to DH/SDH
422003,Village→DH/SDH,2726882281,DH/SDH,21.256666666666668,31.18166666666667,14.635,21.6051,38.7217,13.428600000000001,True,True,Direct to DH/SDH
421964,Village→DH/SDH,2726882281,DH/SDH,54.84666666666667,31.9,15.446666666666665,35.7496,33.4366,8.488100000000001,True,True,Direct to DH/SDH
421978,Village→DH/SDH,2726882281,DH/SDH,37.848333333333336,26.986666666666668,6.733333333333333,24.713900000000002,24.932599999999997,4.8806,True,True,Direct to DH/SDH
422000,Village→DH/SDH,2726882281,DH/SDH,10.74,32.28666666666667,3.6550000000000002,9.674100000000001,31.045,3.2201,True,True,Direct to DH/SDH
421998,Village→DH/SDH,2726882281,DH/SDH,11.135,31.91,3.371666666666667,9.2949,29.304299999999998,1.8240999999999998,True,True,Direct to DH/SDH
421977,Village→DH/SDH,2726882281,DH/SDH,38.79833333333333,27.936666666666667,6.47,25.345299999999998,25.564,5.8439,True,True,Direct to DH/SDH
422076,1482735840,2726882281,PHC,0.0,32.248333333333335,41.48166666666667,0.0,23.7516,30.6406,True,True,PHC is closer and functional
421965,Village→DH/SDH,2726882281,DH/SDH,50.25666666666667,27.31,10.856666666666666,34.0599,31.7469,6.7984,True,True,Direct to DH/SDH
421971,Village→DH/SDH,2726882281,DH/SDH,50.29,27.34333333333333,10.889999999999999,33.5698,31.256700000000002,6.3082,True,True,Direct to DH/SDH
421954,Village→DH/SDH,2726882281,DH/SDH,46.765,12.035,10.673333333333334,34.0012,15.644200000000001,12.042200000000001,True,True,Direct to DH/SDH
421955,Village→DH/SDH,2726882281,DH/SDH,47.13666666666666,12.098333333333333,11.045,34.18,15.6473,12.2211,True,True,Direct to DH/SDH
422066,1474653787,2726882281,PHC,18.998333333333335,20.886666666666667,26.715,8.6004,11.235299999999999,21.956599999999998,True,True,PHC is closer and functional
422063,Village→DH/SDH,2726882281,CHC,23.75,18.248333333333335,21.246666666666666,20.228,12.3414,18.3912,True,True,Direct to DH/SDH
422124,1474653787,2726882281,PHC,3.9016666666666664,16.255,47.343333333333334,2.4536,11.211200000000002,40.6916,True,True,PHC is closer and functional
422055,3664237744,2726882281,PHC,16.246666666666666,40.82833333333333,32.105,6.7459,23.488799999999998,19.0563,True,True,PHC is closer and functional
422134,1474653787,2726882281,PHC,6.376666666666667,20.706666666666667,39.336666666666666,3.3991,13.4294,27.1579,True,True,PHC is closer and functional
422133,1474653787,2726882281,PHC,10.389999999999999,24.720000000000002,39.038333333333334,5.022399999999999,15.052700000000002,27.044400000000003,True,True,PHC is closer and functional
422065,1474653787,2726882281,PHC,23.066666666666666,24.955,30.241666666666667,10.2895,12.9244,23.372,True,True,PHC is closer and functional
422029,3664482662,2726882281,PHC,15.658333333333333,62.43,33.79833333333333,6.5125,47.174699999999994,19.3498,True,True,PHC is closer and functional
422013,3522883473,2726882281,PHC,14.881666666666666,46.67833333333333,26.316666666666666,6.9124,29.104599999999998,18.1688,True,True,PHC is closer and functional
422030,3664482662,2726882281,PHC,16.651666666666667,61.43666666666666,32.805,6.9266000000000005,46.7606,18.9357,True,True,PHC is closer and functional
422137,1474653787,2726882281,PHC,3.6366666666666663,15.99,42.97833333333333,2.3618,11.119399999999999,37.7928,True,True,PHC is closer and functional
422007,Village→DH/SDH,2726882281,DH/SDH,15.905,37.915,9.283333333333333,15.596200000000001,35.2445,7.4197,True,True,Direct to DH/SDH
422040,3522883473,2726882281,PHC,11.006666666666666,52.730000000000004,22.441666666666666,5.4025,31.6947,16.658900000000003,True,True,PHC is closer and functional
422010,3522883473,2726882281,PHC,2.8983333333333334,37.16833333333333,8.536666666666667,3.1428000000000003,35.9385,8.1136,True,True,PHC is closer and functional
422061,1586854836,2726882281,PHC,12.685,26.561666666666667,21.773333333333333,7.3466000000000005,17.4565,15.6375,True,True,PHC is closer and functional
422026,3664482662,2726882281,PHC,21.633333333333333,56.49166666666667,27.86,8.925600000000001,43.621300000000005,15.7964,True,True,PHC is closer and functional
422024,1586854836,2726882281,PHC,15.516666666666667,53.99333333333333,25.361666666666668,6.3521,43.661300000000004,15.8364,True,True,PHC is closer and functional
421986,3664482662,2726882281,PHC,8.293333333333333,65.75333333333333,36.71,3.4501,43.1731,15.089799999999999,True,True,PHC is closer and functional
422050,1586854836,2726882281,PHC,16.665,43.73166666666667,25.851666666666667,6.7249,27.950599999999998,14.9357,True,True,PHC is closer and functional
421981,Village→DH/SDH,2726882281,DH/SDH,36.44666666666667,25.584999999999997,6.251666666666667,23.678,23.8966,4.7329,True,True,Direct to DH/SDH
422016,Village→DH/SDH,2726882281,DH/SDH,13.16,34.835,6.203333333333333,10.3436,33.4099,5.585,True,True,Direct to DH/SDH
422051,1586854836,2726882281,PHC,14.285,41.35166666666667,23.471666666666668,5.7748,27.0005,13.9856,True,True,PHC is closer and functional
422114,3736211214,2726882281,CHC,68.23833333333333,21.271666666666665,42.635,48.160199999999996,13.0637,37.0667,True,True,CHC is closer and functional
421997,Village→DH/SDH,2726882281,DH/SDH,41.705000000000005,30.84333333333333,3.6166666666666667,27.948400000000003,28.167099999999998,3.2407,True,True,Direct to DH/SDH
421975,Village→DH/SDH,2726882281,DH/SDH,38.55333333333333,27.691666666666666,6.715,25.1818,25.4004,6.0074,True,True,Direct to DH/SDH
421871,7217261218,8775846218,CHC,10.395000000000001,8.2,24.828333333333333,11.0094,10.4545,34.2233,True,True,CHC is closer and functional
421872,8125878184,8775846218,PHC,8.461666666666666,18.105,22.895,8.2808,24.4451,31.4946,True,True,PHC is closer and functional
421865,8333534462,8775846218,PHC,27.223333333333336,31.113333333333333,50.63166666666667,11.2691,18.5812,46.235099999999996,True,True,PHC is closer and functional
421856,8333534462,8775846218,PHC,9.191666666666666,60.63,80.14833333333333,4.6168000000000005,31.5613,59.215199999999996,True,True,PHC is closer and functional
421867,7217261218,8775846218,CHC,22.90666666666667,17.821666666666665,37.34,17.5251,13.0851,40.739,True,True,CHC is closer and functional
421870,7217261218,8775846218,CHC,15.426666666666668,11.208333333333334,29.86,14.0401,10.721,37.254,True,True,CHC is closer and functional
421924,6754182878,2726882281,CHC,49.806666666666665,42.955000000000005,57.891666666666666,32.4648,26.9866,49.2875,True,True,CHC is closer and functional
421869,7217261218,8775846218,CHC,12.663333333333332,8.445,27.096666666666668,12.890799999999999,9.5717,36.1046,True,True,CHC is closer and functional
421874,7217261218,2726882281,CHC,15.121666666666666,5.233333333333333,37.30833333333333,16.3354,5.1796999999999995,37.1352,True,True,CHC is closer and functional
421868,7217261218,8775846218,CHC,12.821666666666665,7.88,27.255,13.7654,9.325299999999999,36.9792,True,True,CHC is closer and functional
421862,8333534462,8775846218,PHC,20.915000000000003,42.458333333333336,61.97666666666667,8.673399999999999,23.2781,50.932,True,True,PHC is closer and functional
421839,8125878184,8775846218,PHC,0.0,16.55,23.936666666666667,0.0,18.9851,27.9668,True,True,PHC is closer and functional
421920,7217261218,2726882281,CHC,64.25333333333333,26.36,58.434999999999995,26.9666,16.9999,48.9555,True,True,CHC is closer and functional
421922,7217261218,2726882281,CHC,86.125,48.23166666666667,80.30666666666666,36.043699999999994,26.077,58.032599999999995,True,True,CHC is closer and functional
421853,8333534462,8775846218,PHC,52.715,56.605000000000004,76.12333333333332,21.7868,29.0989,56.7528,True,True,PHC is closer and functional
421843,8125878184,8775846218,PHC,5.593333333333334,15.236666666666668,20.026666666666664,4.2346,20.398799999999998,27.448400000000003,True,True,PHC is closer and functional
421855,8333534462,8775846218,PHC,44.705000000000005,48.595,68.11333333333333,18.4935,25.8056,53.4595,True,True,PHC is closer and functional
421866,7217261218,8775846218,CHC,34.730000000000004,29.645,49.163333333333334,22.408099999999997,17.968,45.621900000000004,True,True,CHC is closer and functional
421854,8333534462,8775846218,PHC,38.06166666666666,41.95166666666667,61.47,15.776299999999999,23.0884,50.7423,True,True,PHC is closer and functional
421921,7217261218,2726882281,CHC,69.15333333333334,31.259999999999998,63.335,29.0,19.0333,50.988800000000005,True,True,CHC is closer and functional
421923,6754182878,2726882281,CHC,42.835,35.983333333333334,50.919999999999995,29.5717,24.0935,46.394400000000005,True,True,CHC is closer and functional
421919,7217261218,2726882281,CHC,24.470000000000002,19.528333333333332,51.60333333333333,18.6021,14.162,46.117599999999996,True,True,CHC is closer and functional
421859,8333534462,8775846218,PHC,7.355,54.59166666666667,74.11,4.3873999999999995,29.6218,57.2757,True,True,PHC is closer and functional
421860,8333534462,8775846218,PHC,0.0,51.43833333333334,70.95666666666666,0.0,26.9445,54.5984,True,True,PHC is closer and functional
421873,7217261218,8775846218,CHC,22.185,17.886666666666667,31.301666666666666,17.0048,8.8378,37.072199999999995,True,True,CHC is closer and functional
421852,8333534462,8775846218,PHC,66.15333333333334,70.04333333333334,89.56166666666667,27.436,34.7481,62.402,True,True,PHC is closer and functional
421838,7217261218,8775846218,CHC,17.383333333333333,15.003333333333334,31.816666666666666,17.7228,17.142,40.9366,True,True,CHC is closer and functional
421844,7217261218,8775846218,CHC,40.84666666666667,35.76166666666666,55.28,24.9473,20.5073,48.161199999999994,True,True,CHC is closer and functional
421864,8333534462,8775846218,PHC,20.64333333333333,30.696666666666665,50.215,8.5528,18.3917,46.0457,True,True,PHC is closer and functional
421851,8333534462,8775846218,PHC,67.74499999999999,71.635,91.15333333333334,28.0981,35.410199999999996,63.064099999999996,True,True,PHC is closer and functional
421857,8333534462,8775846218,PHC,7.4383333333333335,58.876666666666665,78.395,3.4562,30.4007,58.0546,True,True,PHC is closer and functional
421858,8333534462,8775846218,PHC,7.355,54.59166666666667,74.11,4.3873999999999995,29.6218,57.2757,True,True,PHC is closer and functional
421861,8333534462,8775846218,PHC,3.4466666666666668,50.68333333333333,70.20166666666667,1.7801,27.0145,54.6684,True,True,PHC is closer and functional
421945,7217261218,2726882281,CHC,16.195,11.253333333333334,43.32833333333333,15.164200000000001,10.724200000000002,42.6797,True,True,CHC is closer and functional
421863,8333534462,8775846218,PHC,18.935,40.47833333333333,59.99666666666667,7.8507,22.455299999999998,50.109199999999994,True,True,PHC is closer and functional
421909,6754182878,2726882281,CHC,24.243333333333332,11.563333333333333,31.816666666666666,17.1866,5.0744,31.7873,True,True,CHC is closer and functional
421918,7217261218,2726882281,CHC,35.21333333333334,12.468333333333334,44.54333333333333,19.956400000000002,7.3225,39.2781,True,True,CHC is closer and functional
421936,6754182878,2726882281,CHC,49.193333333333335,7.151666666666667,13.101666666666667,38.6012,10.0706,16.6423,True,True,CHC is closer and functional
421930,1482735840,2726882281,PHC,23.595000000000002,25.241666666666667,31.68,16.6623,22.947599999999998,33.4849,True,True,PHC is closer and functional
421906,1482735840,2726882281,PHC,24.834999999999997,26.48166666666667,32.92,18.411,24.6962,35.233599999999996,True,True,PHC is closer and functional
421901,6754182878,2726882281,CHC,16.693333333333335,3.4566666666666666,19.191666666666666,16.7308,3.712,23.944200000000002,True,True,CHC is closer and functional
421943,Village→DH/SDH,2726882281,DH/SDH,48.394999999999996,13.356666666666666,12.303333333333335,34.7042,16.1715,12.7452,True,True,Direct to DH/SDH
421942,Village→DH/SDH,2726882281,DH/SDH,60.17333333333333,25.134999999999998,24.081666666666667,39.6004,21.067700000000002,17.6415,True,True,Direct to DH/SDH
421941,6754182878,2726882281,CHC,48.736666666666665,7.608333333333333,12.645000000000001,37.959199999999996,10.7127,16.0002,True,True,CHC is closer and functional
421907,6754182878,2726882281,CHC,15.563333333333333,2.3266666666666667,17.926666666666666,16.2942,3.2753,23.4375,True,True,CHC is closer and functional
421908,6754182878,2726882281,CHC,14.323333333333332,1.0866666666666667,19.166666666666668,14.5483,1.5294,25.183400000000002,True,True,CHC is closer and functional
421900,6754182878,2726882281,CHC,17.991666666666667,4.755,22.175,16.406200000000002,3.3873,26.0565,True,True,CHC is closer and functional
421939,6754182878,2726882281,CHC,48.141666666666666,4.5216666666666665,15.731666666666666,38.5711,6.366,20.3469,True,True,CHC is closer and functional
421905,6754182878,2726882281,CHC,47.31166666666666,3.691666666666667,16.561666666666667,37.3999,5.1947,21.5182,True,True,CHC is closer and functional
421916,6754182878,2726882281,CHC,26.928333333333335,18.266666666666666,35.013333333333335,21.2497,13.2164,38.072300000000006,True,True,CHC is closer and functional
421915,6754182878,2726882281,CHC,28.955,18.03166666666667,34.6,20.163400000000003,12.772200000000002,37.601699999999994,True,True,CHC is closer and functional
421914,6754182878,2726882281,CHC,29.491666666666667,18.56833333333333,35.836666666666666,20.919900000000002,13.528799999999999,39.3438,True,True,CHC is closer and functional
421937,6754182878,2726882281,CHC,49.63666666666666,6.016666666666667,14.236666666666668,40.677800000000005,8.4726,18.240299999999998,True,True,CHC is closer and functional
421931,1482735840,2726882281,PHC,21.921666666666667,23.56833333333333,30.006666666666668,14.1242,20.4095,30.9468,True,True,PHC is closer and functional
421917,6754182878,2726882281,CHC,28.584999999999997,17.66166666666667,34.40833333333333,19.7548,12.363700000000001,37.2195,True,True,CHC is closer and functional
421903,6754182878,2726882281,CHC,47.825,4.205,16.048333333333332,38.126400000000004,5.9212,20.7916,True,True,CHC is closer and functional
421953,Village→DH/SDH,2726882281,CHC,47.60166666666667,10.526666666666667,11.51,35.4695,13.8903,13.5105,True,True,Direct to DH/SDH
421933,Village→DH/SDH,2726882281,CHC,61.62,22.383333333333333,25.528333333333332,42.288,17.698700000000002,20.329,True,True,Direct to DH/SDH
421938,6754182878,2726882281,CHC,49.025,5.405,14.848333333333333,39.815400000000004,7.6102,19.1026,True,True,CHC is closer and functional
421902,6754182878,2726882281,CHC,46.913333333333334,3.2933333333333334,16.96,36.839400000000005,4.6342,22.078599999999998,True,True,CHC is closer and functional
421956,Village→DH/SDH,2726882281,DH/SDH,52.166666666666664,17.128333333333334,16.075,36.2761,17.743299999999998,14.3171,True,True,Direct to DH/SDH
421927,1482735840,2726882281,PHC,20.071666666666665,24.290000000000003,28.15666666666667,11.6885,21.604400000000002,28.5111,True,True,PHC is closer and functional
421928,1482735840,2726882281,PHC,21.2,22.846666666666668,29.285,13.2832,19.5685,30.1058,True,True,PHC is closer and functional
421929,6754182878,2726882281,CHC,30.96333333333333,24.111666666666668,39.04833333333333,24.632,19.1538,41.4546,True,True,CHC is closer and functional
421935,6754182878,2726882281,CHC,48.263333333333335,8.081666666666667,12.171666666666665,37.2889,11.3829,15.3299,True,True,CHC is closer and functional
421934,6754182878,2726882281,CHC,53.556666666666665,14.32,17.465,39.0018,14.4125,17.0428,True,True,CHC is closer and functional
421940,6754182878,2726882281,CHC,49.47166666666667,6.873333333333333,13.379999999999999,38.9927,9.679200000000002,17.0337,True,True,CHC is closer and functional
421932,Village→DH/SDH,2726882281,CHC,60.855000000000004,21.618333333333332,24.763333333333332,41.9688,17.3795,20.0098,True,True,Direct to DH/SDH
421899,6754182878,2726882281,CHC,20.884999999999998,7.6483333333333325,25.06833333333333,17.571900000000003,4.553,27.2222,True,True,CHC is closer and functional
421904,6754182878,2726882281,CHC,48.513333333333335,4.8933333333333335,15.360000000000001,39.093199999999996,6.888,19.824900000000003,True,True,CHC is closer and functional
421883,6312222562,2726882281,PHC,9.58,15.43,23.91,7.8608,9.6623,31.870900000000002,True,True,PHC is closer and functional
421884,6312222562,2726882281,PHC,9.04,15.97,24.45,7.0954,10.427700000000002,32.6363,True,True,PHC is closer and functional
421836,6312222562,8775846218,PHC,9.46,15.676666666666668,21.755,7.713100000000001,8.1494,29.9388,True,True,PHC is closer and functional
421830,6312222562,8775846218,PHC,0.16999999999999998,22.933333333333334,31.351666666666667,0.11359999999999999,12.7475,37.7656,True,True,PHC is closer and functional
421837,7217261218,8775846218,CHC,24.021666666666665,19.240000000000002,23.723333333333336,14.1999,10.469700000000001,29.8706,True,True,CHC is closer and functional
421831,6312222562,8775846218,PHC,0.0,22.763333333333332,31.18166666666667,0.0,12.633899999999999,37.652,True,True,PHC is closer and functional
421885,6312222562,8775846218,PHC,3.6533333333333333,19.11,27.528333333333332,2.4225,10.2113,35.2294,True,True,PHC is closer and functional
421893,6312222562,2726882281,PHC,43.28666666666666,56.57166666666667,61.73166666666667,27.342,40.360800000000005,53.3987,True,True,PHC is closer and functional
421894,Village→DH/SDH,2726882281,PHC,50.85166666666667,64.13666666666667,60.065000000000005,30.450400000000002,43.469199999999994,50.4007,True,True,Direct to DH/SDH
421824,6312222562,8775846218,PHC,8.241666666666667,31.005,39.42333333333333,4.4903,17.124200000000002,42.142300000000006,True,True,PHC is closer and functional
421891,6312222562,2726882281,PHC,10.295,14.715,23.195,8.8716,8.6515,30.8601,True,True,PHC is closer and functional
421835,Village→DH/SDH,8775846218,CHC,19.828333333333333,17.901666666666664,19.529999999999998,11.127,11.2905,26.7977,True,True,Direct to DH/SDH
421833,6312222562,8775846218,PHC,13.178333333333335,30.634999999999998,27.165000000000003,6.5878000000000005,19.0385,27.4879,True,True,PHC is closer and functional
421822,6312222562,8775846218,PHC,9.663333333333332,32.42666666666666,40.845,6.4322,19.0661,44.084199999999996,True,True,PHC is closer and functional
421898,6754182878,2726882281,CHC,23.851666666666667,10.615,30.663333333333334,17.588,4.5691999999999995,30.835900000000002,True,True,CHC is closer and functional
421881,6754182878,2726882281,CHC,11.493333333333334,1.7433333333333332,21.996666666666666,10.560799999999999,2.458,29.170900000000003,True,True,CHC is closer and functional
421886,6312222562,8775846218,PHC,5.443333333333333,17.71333333333333,26.131666666666668,3.5361,9.2757,34.293800000000005,True,True,PHC is closer and functional
421876,7217261218,8775846218,CHC,14.778333333333334,7.943333333333333,29.471666666666668,9.3755,3.2584,34.829800000000006,True,True,CHC is closer and functional
421890,6312222562,8775846218,PHC,3.2783333333333333,19.485,27.903333333333332,2.1749,10.459,35.4771,True,True,PHC is closer and functional
421911,6754182878,2726882281,CHC,17.66,4.98,25.233333333333334,14.4794,2.3672,29.080099999999998,True,True,CHC is closer and functional
421888,6312222562,8775846218,PHC,1.47,21.293333333333333,29.711666666666666,0.9761,11.6577,36.6758,True,True,PHC is closer and functional
421882,6312222562,2726882281,PHC,10.531666666666666,14.478333333333333,22.958333333333332,9.2066,8.3165,30.5251,True,True,PHC is closer and functional
421823,6312222562,8775846218,PHC,8.241666666666667,31.005,39.42333333333333,4.4903,17.124200000000002,42.142300000000006,True,True,PHC is closer and functional
421913,7217261218,2726882281,CHC,26.555,3.81,35.885,15.873700000000001,3.2398000000000002,35.1954,True,True,CHC is closer and functional
421912,6754182878,2726882281,CHC,20.991666666666667,8.311666666666666,28.565,15.8485,3.7363000000000004,30.4492,True,True,CHC is closer and functional
421910,6312222562,2726882281,CHC,13.236666666666668,0.0,20.253333333333334,13.018799999999999,0.0,26.7129,True,True,PHC is closer and functional
421897,6754182878,2726882281,CHC,24.928333333333335,11.691666666666666,31.740000000000002,18.0332,5.014399999999999,31.281200000000002,True,True,CHC is closer and functional
421880,7217261218,2726882281,CHC,18.46833333333333,6.596666666666667,26.041666666666668,14.8335,2.6895,29.4342,True,True,CHC is closer and functional
421896,6754182878,2726882281,CHC,11.365,1.8716666666666666,22.125,10.38,2.6388000000000003,29.3517,True,True,CHC is closer and functional
421892,6312222562,2726882281,PHC,10.315,14.695,23.175,8.8989,8.6242,30.8328,True,True,PHC is closer and functional
421879,6312222562,2726882281,CHC,22.745,0.0,32.63666666666667,12.633899999999999,0.0,32.1238,True,True,PHC is closer and functional
421875,7217261218,2726882281,CHC,25.721666666666668,2.9766666666666666,35.05166666666666,15.6478,3.0139,34.9695,True,True,CHC is closer and functional
421878,6312222562,2726882281,PHC,8.231666666666666,15.99,25.258333333333333,5.9565,8.668700000000001,33.7752,True,True,PHC is closer and functional
421889,6312222562,8775846218,PHC,3.2783333333333333,19.485,27.903333333333332,2.1749,10.459,35.4771,True,True,PHC is closer and functional
421877,6312222562,8775846218,PHC,9.860000000000001,12.911666666666667,24.553333333333335,7.1244,5.5095,32.5787,True,True,PHC is closer and functional
421887,6312222562,8775846218,PHC,2.7916666666666665,19.971666666666668,28.39,1.851,10.7829,35.801,True,True,PHC is closer and functional
421949,7663654445,8775846218,PHC,8.881666666666666,28.525,25.055,4.5499,18.160700000000002,26.6101,True,True,PHC is closer and functional
421895,6754182878,2726882281,CHC,25.398333333333333,12.161666666666667,32.21,18.2283,5.2094,31.476200000000002,True,True,CHC is closer and functional
421744,1111436547,8775846218,PHC,27.763333333333332,47.30333333333333,40.41166666666666,11.443700000000002,32.294,22.2159,True,True,PHC is closer and functional
421683,Village→DH/SDH,8775846218,PHC,35.17333333333333,46.79833333333333,39.906666666666666,14.5588,32.1096,22.0315,True,True,Direct to DH/SDH
421745,1111436547,8775846218,PHC,24.86,49.126666666666665,42.235,10.289100000000001,33.0547,22.976599999999998,True,True,PHC is closer and functional
421746,1111436547,8775846218,PHC,19.836666666666666,57.45666666666667,50.565000000000005,8.2328,36.4585,26.3804,True,True,PHC is closer and functional
421748,1111436547,8775846218,PHC,18.375,62.67166666666667,55.78,7.5808,37.4145,27.3364,True,True,PHC is closer and functional
421681,Village→DH/SDH,8775846218,DH/SDH,60.559999999999995,48.27833333333333,41.38666666666666,25.0575,32.7245,22.6464,True,True,Direct to DH/SDH
421684,1111436547,8775846218,PHC,32.46333333333333,46.391666666666666,39.5,13.427100000000001,31.892,21.8139,True,True,PHC is closer and functional
421682,Village→DH/SDH,8775846218,DH/SDH,43.49,38.49333333333333,31.601666666666667,18.0098,28.6586,18.5805,True,True,Direct to DH/SDH
421674,Village→DH/SDH,8775846218,DH/SDH,67.31166666666667,55.03,48.138333333333335,27.8704,35.5374,25.459400000000002,True,True,Direct to DH/SDH
421675,Village→DH/SDH,8775846218,DH/SDH,61.23166666666667,48.95,42.05833333333333,25.323700000000002,32.9907,22.912599999999998,True,True,Direct to DH/SDH
421798,8125878184,8775846218,PHC,9.833333333333334,21.34,24.496666666666666,3.9745999999999997,22.7052,27.2306,True,True,PHC is closer and functional
421764,Village→DH/SDH,8775846218,DH/SDH,57.531666666666666,67.175,41.97,39.5245,55.6888,20.4329,True,True,Direct to DH/SDH
421802,Village→DH/SDH,8775846218,DH/SDH,17.351666666666667,24.553333333333335,16.78666666666667,20.729599999999998,30.0063,19.3475,True,True,Direct to DH/SDH
421797,8125878184,8775846218,PHC,7.968333333333334,17.611666666666668,16.16166666666667,7.4123,23.5766,21.576400000000003,True,True,PHC is closer and functional
421795,Village→DH/SDH,8775846218,DH/SDH,56.11,65.75333333333333,40.54833333333333,38.935,55.0993,19.843400000000003,True,True,Direct to DH/SDH
421846,7217261218,8775846218,CHC,53.775,48.690000000000005,68.20833333333333,30.2965,25.8564,53.5103,True,True,CHC is closer and functional
421845,7217261218,8775846218,CHC,48.001666666666665,42.916666666666664,62.434999999999995,27.887900000000002,23.4478,51.101699999999994,True,True,CHC is closer and functional
421840,8125878184,8775846218,PHC,6.611666666666666,21.025,24.18166666666667,2.7456,22.6497,27.1752,True,True,PHC is closer and functional
421848,8333534462,8775846218,PHC,54.70166666666667,58.59166666666667,78.11,22.673,29.9851,57.639,True,True,PHC is closer and functional
421806,7663654445,8775846218,PHC,11.321666666666665,27.45,22.451666666666664,6.654100000000001,26.6843,21.8625,True,True,PHC is closer and functional
421800,Village→DH/SDH,8775846218,DH/SDH,14.791666666666666,19.6,14.226666666666667,20.0929,26.2538,18.7108,True,True,Direct to DH/SDH
421801,8125878184,8775846218,PHC,10.196666666666665,19.84,16.71333333333333,8.975,25.1393,20.9783,True,True,PHC is closer and functional
421752,1111436547,8775846218,PHC,15.991666666666667,59.62,52.72833333333333,6.562,36.1502,26.0721,True,True,PHC is closer and functional
421805,7663654445,8775846218,PHC,9.828333333333335,27.851666666666667,18.89333333333333,7.6415,30.753700000000002,19.5263,True,True,PHC is closer and functional
421754,1111436547,8775846218,PHC,14.863333333333333,58.49166666666667,51.6,6.1428,35.7311,25.653,True,True,PHC is closer and functional
421803,Village→DH/SDH,8775846218,DH/SDH,12.84,25.895,12.275,17.8838,35.4525,16.5017,True,True,Direct to DH/SDH
421794,7217261218,8775846218,CHC,57.63,52.544999999999995,72.06333333333333,31.9011,27.461,55.1149,True,True,CHC is closer and functional
421842,8125878184,8775846218,PHC,11.526666666666667,21.17,20.98166666666667,9.4324,25.596700000000002,25.6169,True,True,PHC is closer and functional
421792,8333534462,8775846218,PHC,56.89333333333333,60.78333333333333,80.30166666666668,23.607200000000002,30.9193,58.5732,True,True,PHC is closer and functional
421807,7663654445,8775846218,PHC,7.946666666666667,28.316666666666666,24.12,3.6946,18.5227,25.7548,True,True,PHC is closer and functional
421796,Village→DH/SDH,8775846218,DH/SDH,58.20333333333333,67.84666666666666,42.641666666666666,39.8029,55.9672,20.7114,True,True,Direct to DH/SDH
421799,8125878184,8775846218,PHC,13.129999999999999,22.773333333333333,25.93,8.528799999999999,24.693099999999998,29.2186,True,True,PHC is closer and functional
421753,1111436547,8775846218,PHC,16.648333333333333,60.276666666666664,53.385,6.884399999999999,36.4726,26.394599999999997,True,True,PHC is closer and functional
421804,Village→DH/SDH,8775846218,DH/SDH,12.0,25.055,11.435,16.697599999999998,34.266400000000004,15.3155,True,True,Direct to DH/SDH
421727,Village→DH/SDH,8775846218,DH/SDH,39.00833333333333,15.846666666666666,8.955,16.1668,16.3005,6.2225,True,True,Direct to DH/SDH
421760,1111436547,8775846218,PHC,10.305,53.93333333333333,47.041666666666664,4.25,33.838300000000004,23.7602,True,True,PHC is closer and functional
421733,1111436547,8775846218,PHC,17.018333333333334,27.709999999999997,20.81833333333333,7.0702,22.9505,12.872399999999999,True,True,PHC is closer and functional
421725,Village→DH/SDH,8775846218,DH/SDH,36.12166666666667,12.856666666666666,5.965,18.1785,14.582799999999999,4.5047,True,True,Direct to DH/SDH
421724,Village→DH/SDH,8775846218,DH/SDH,14.478333333333333,10.41,3.518333333333333,14.481,12.8726,2.7945,True,True,Direct to DH/SDH
421739,Village→DH/SDH,8775846218,DH/SDH,35.95166666666667,38.055,31.163333333333334,14.900799999999998,28.4429,18.364900000000002,True,True,Direct to DH/SDH
421767,Village→DH/SDH,8775846218,DH/SDH,16.261666666666667,13.205,6.819999999999999,17.4073,17.2055,7.5368,True,True,Direct to DH/SDH
421769,Village→DH/SDH,8775846218,DH/SDH,22.565,27.453333333333333,21.06833333333333,13.8215,22.1963,12.5276,True,True,Direct to DH/SDH
421729,Village→DH/SDH,8775846218,DH/SDH,40.87,17.605,10.713333333333333,21.339299999999998,17.7435,7.6655,True,True,Direct to DH/SDH
421719,Village→DH/SDH,8775846218,DH/SDH,18.736666666666668,15.68,9.295,16.7757,16.574,6.9052,True,True,Direct to DH/SDH
421720,Village→DH/SDH,8775846218,DH/SDH,46.07166666666667,18.438333333333333,12.053333333333335,19.1113,17.7227,8.054,True,True,Direct to DH/SDH
421738,Village→DH/SDH,8775846218,DH/SDH,49.965,37.583333333333336,30.691666666666666,21.8873,28.217,18.138900000000003,True,True,Direct to DH/SDH
421732,Village→DH/SDH,8775846218,DH/SDH,21.403333333333332,23.325,16.433333333333334,8.8931,21.1275,11.0495,True,True,Direct to DH/SDH
421710,Village→DH/SDH,8775846218,DH/SDH,17.16166666666667,22.05,15.665,11.576,19.9508,10.282,True,True,Direct to DH/SDH
421735,Village→DH/SDH,8775846218,DH/SDH,39.445,34.56166666666666,27.67,16.3569,26.986900000000002,16.9088,True,True,Direct to DH/SDH
421680,Village→DH/SDH,8775846218,DH/SDH,51.59166666666667,39.309999999999995,32.41833333333333,21.3248,28.991799999999998,18.913700000000002,True,True,Direct to DH/SDH
421763,Village→DH/SDH,8775846218,DH/SDH,66.90833333333333,36.681666666666665,30.296666666666667,35.1192,25.293400000000002,15.624600000000001,True,True,Direct to DH/SDH
421697,Village→DH/SDH,8775846218,DH/SDH,23.259999999999998,6.13,4.948333333333333,17.231099999999998,7.0408,4.617,True,True,Direct to DH/SDH
421751,1111436547,8775846218,PHC,11.648333333333333,56.376666666666665,49.485,4.8462,34.866800000000005,24.788700000000002,True,True,PHC is closer and functional
421749,1111436547,8775846218,PHC,10.595,55.32333333333334,48.431666666666665,4.3623,34.3829,24.3048,True,True,PHC is closer and functional
421714,Village→DH/SDH,8775846218,DH/SDH,15.818333333333333,12.761666666666667,6.376666666666667,14.9733,14.7715,5.1028,True,True,Direct to DH/SDH
421679,Village→DH/SDH,8775846218,DH/SDH,68.985,56.70333333333333,49.81166666666666,32.2443,39.911300000000004,29.833299999999998,True,True,Direct to DH/SDH
421730,Village→DH/SDH,8775846218,DH/SDH,41.86333333333334,18.598333333333336,11.706666666666667,22.0003,18.4045,8.3264,True,True,Direct to DH/SDH
421718,Village→DH/SDH,8775846218,DH/SDH,12.223333333333333,9.166666666666666,2.7816666666666667,13.0242,12.8224,3.1536999999999997,True,True,Direct to DH/SDH
421737,Village→DH/SDH,8775846218,DH/SDH,39.55,27.168333333333333,20.276666666666664,17.5965,23.9262,13.8482,True,True,Direct to DH/SDH
421686,Village→DH/SDH,8775846218,DH/SDH,42.985,30.631666666666668,23.740000000000002,17.7533,25.3861,15.3081,True,True,Direct to DH/SDH
421687,Village→DH/SDH,8775846218,DH/SDH,38.905,26.523333333333333,19.631666666666668,17.342,23.6717,13.5936,True,True,Direct to DH/SDH
421722,Village→DH/SDH,8775846218,DH/SDH,12.155,8.086666666666666,0.0,12.1345,10.5261,0.0,True,True,Direct to DH/SDH
421700,Village→DH/SDH,8775846218,DH/SDH,7.968333333333334,13.004999999999999,6.62,7.9734,16.3691,6.7003,True,True,Direct to DH/SDH
421691,Village→DH/SDH,8775846218,DH/SDH,29.168333333333333,16.78666666666667,9.895000000000001,12.1656,18.4953,8.417200000000001,True,True,Direct to DH/SDH
421685,Village→DH/SDH,8775846218,DH/SDH,45.03,34.60666666666667,27.715,18.6318,27.0409,16.962799999999998,True,True,Direct to DH/SDH
421731,Village→DH/SDH,8775846218,DH/SDH,24.506666666666668,20.221666666666668,13.33,10.183,19.8377,9.7596,True,True,Direct to DH/SDH
421726,Village→DH/SDH,8775846218,DH/SDH,31.323333333333334,13.416666666666666,6.525,14.39,15.630600000000001,5.5526,True,True,Direct to DH/SDH
421713,Village→DH/SDH,8775846218,DH/SDH,14.986666666666668,11.93,5.545,14.063,13.8613,4.1925,True,True,Direct to DH/SDH
421778,7663654445,8775846218,PHC,4.465,25.723333333333336,11.708333333333334,6.3018,22.3298,15.7584,True,True,PHC is closer and functional
421755,1111436547,8775846218,PHC,15.6,59.22833333333333,52.336666666666666,6.3655,35.9538,25.875700000000002,True,True,PHC is closer and functional
421728,Village→DH/SDH,8775846218,DH/SDH,40.07166666666667,16.806666666666665,9.915,20.8055,17.2097,7.131600000000001,True,True,Direct to DH/SDH
421743,Village→DH/SDH,8775846218,DH/SDH,34.635,40.733333333333334,33.84166666666667,14.310799999999999,29.551299999999998,19.473200000000002,True,True,Direct to DH/SDH
421736,Village→DH/SDH,8775846218,DH/SDH,43.09166666666667,30.709999999999997,23.81833333333333,19.055,25.384700000000002,15.306700000000001,True,True,Direct to DH/SDH
421750,1111436547,8775846218,PHC,10.463333333333333,55.19166666666667,48.3,4.3519,34.3725,24.2945,True,True,PHC is closer and functional
421762,Village→DH/SDH,8775846218,DH/SDH,64.39666666666668,34.169999999999995,27.785,34.0775,24.2516,14.5829,True,True,Direct to DH/SDH
421702,Village→DH/SDH,8775846218,PHC,7.403333333333333,13.823333333333332,7.4383333333333335,6.3972,16.4733,6.804600000000001,True,True,Direct to DH/SDH
421715,Village→DH/SDH,8775846218,DH/SDH,15.321666666666665,12.264999999999999,5.88,13.2473,13.0455,3.3768000000000002,True,True,Direct to DH/SDH
421704,Village→DH/SDH,8775846218,PHC,13.805,20.201666666666664,13.816666666666666,10.2303,20.2877,10.619,True,True,Direct to DH/SDH
421692,Village→DH/SDH,8775846218,DH/SDH,33.166666666666664,17.77,10.878333333333334,14.518,18.0541,7.976,True,True,Direct to DH/SDH
421723,Village→DH/SDH,8775846218,DH/SDH,13.67,9.601666666666667,2.71,13.741200000000001,12.1328,2.0547,True,True,Direct to DH/SDH
421716,Village→DH/SDH,8775846218,DH/SDH,8.458333333333334,10.858333333333333,4.473333333333333,8.5033,13.65,3.9813,True,True,Direct to DH/SDH
421756,1111436547,8775846218,PHC,0.0,44.72833333333333,37.836666666666666,0.0,30.020599999999998,19.9425,True,True,PHC is closer and functional
421772,Village→DH/SDH,8775846218,DH/SDH,25.66,22.603333333333335,16.218333333333334,23.3685,23.166700000000002,13.498,True,True,Direct to DH/SDH
421768,Village→DH/SDH,8775846218,DH/SDH,15.588333333333333,12.531666666666666,6.1466666666666665,17.7836,17.581799999999998,7.9131,True,True,Direct to DH/SDH
421766,Village→DH/SDH,8775846218,DH/SDH,49.373333333333335,19.146666666666665,12.761666666666667,27.8555,18.029700000000002,8.361,True,True,Direct to DH/SDH
421712,Village→DH/SDH,8775846218,DH/SDH,10.881666666666666,15.770000000000001,9.385,8.9653,17.3401,7.6713000000000005,True,True,Direct to DH/SDH
421689,Village→DH/SDH,8775846218,DH/SDH,33.788333333333334,21.40666666666667,14.514999999999999,15.201,21.5307,11.4526,True,True,Direct to DH/SDH
421740,1111436547,8775846218,PHC,4.203333333333333,48.5,41.608333333333334,1.7207000000000001,31.5544,21.4763,True,True,PHC is closer and functional
421770,Village→DH/SDH,8775846218,DH/SDH,29.065,26.008333333333333,19.623333333333335,24.8229,24.6211,14.952399999999999,True,True,Direct to DH/SDH
421734,1111436547,8775846218,PHC,10.561666666666667,34.166666666666664,27.275,4.3913,25.6293,15.551200000000001,True,True,PHC is closer and functional
421721,Village→DH/SDH,8775846218,DH/SDH,43.5,20.33833333333333,13.446666666666665,18.038,18.1717,8.0936,True,True,Direct to DH/SDH
421717,Village→DH/SDH,8775846218,DH/SDH,12.025,7.828333333333333,1.3299999999999998,11.9408,10.3324,0.6637000000000001,True,True,Direct to DH/SDH
421741,1111436547,8775846218,PHC,29.988333333333333,44.01833333333333,37.126666666666665,12.415299999999998,30.9285,20.8504,True,True,PHC is closer and functional
421777,7663654445,8775846218,PHC,13.013333333333332,27.64,17.498333333333335,8.9194,31.5061,16.4138,True,True,PHC is closer and functional
421761,Village→DH/SDH,8775846218,DH/SDH,65.99,35.763333333333335,29.378333333333334,34.7607,24.934900000000003,15.266200000000001,True,True,Direct to DH/SDH
421759,Village→DH/SDH,8775846218,DH/SDH,64.78166666666667,34.555,28.17,34.2603,24.4345,14.7657,True,True,Direct to DH/SDH
421765,Village→DH/SDH,8775846218,DH/SDH,11.17,24.225,10.604999999999999,15.526200000000001,33.0949,14.144,True,True,Direct to DH/SDH
421779,7663654445,8775846218,PHC,5.818333333333333,27.076666666666664,10.354999999999999,8.206100000000001,24.234,13.8542,True,True,PHC is closer and functional
421776,7663654445,8775846218,PHC,8.16,27.471666666666668,11.96,9.5182,33.4943,14.1364,True,True,PHC is closer and functional
421775,Village→DH/SDH,8775846218,DH/SDH,16.043333333333333,21.863333333333333,15.478333333333333,22.2697,30.5563,20.8876,True,True,Direct to DH/SDH
421747,1111436547,8775846218,PHC,9.229999999999999,53.526666666666664,46.635,3.8164000000000002,33.6501,23.572,True,True,PHC is closer and functional
421774,7663654445,8775846218,PHC,9.496666666666666,18.301666666666666,11.916666666666666,10.710700000000001,22.955299999999998,13.2866,True,True,PHC is closer and functional
421773,Village→DH/SDH,8775846218,DH/SDH,8.620000000000001,14.44,8.055,11.928600000000001,20.2152,10.5465,True,True,Direct to DH/SDH
421757,1111436547,8775846218,PHC,6.788333333333333,37.940000000000005,31.048333333333336,2.8247,27.1959,17.1178,True,True,PHC is closer and functional
421688,Village→DH/SDH,8775846218,DH/SDH,33.57833333333333,21.196666666666665,14.305,16.3275,22.6572,12.5792,True,True,Direct to DH/SDH
421703,Village→DH/SDH,8775846218,PHC,8.353333333333333,14.75,8.365,7.9666999999999994,18.024099999999997,8.3554,True,True,Direct to DH/SDH
421690,Village→DH/SDH,8775846218,DH/SDH,33.43666666666667,21.055,14.163333333333332,15.8327,22.1624,12.0844,True,True,Direct to DH/SDH
421701,Village→DH/SDH,8775846218,DH/SDH,9.833333333333334,11.520000000000001,5.135000000000001,9.4905,14.8553,5.1866,True,True,Direct to DH/SDH
421699,Village→DH/SDH,8775846218,DH/SDH,12.43,6.166666666666667,1.8683333333333332,13.214799999999999,8.5884,1.9376,True,True,Direct to DH/SDH
421694,Village→DH/SDH,8775846218,CHC,30.326666666666664,13.196666666666665,14.688333333333333,18.074900000000003,7.8845,8.7536,True,True,Direct to DH/SDH
421693,Village→DH/SDH,8775846218,DH/SDH,37.49166666666667,25.11,18.21833333333333,15.6279,21.9576,11.8795,True,True,Direct to DH/SDH
421758,1111436547,8775846218,PHC,9.101666666666667,52.730000000000004,45.83833333333334,3.7291,33.3173,23.2392,True,True,PHC is closer and functional
421841,8125878184,8775846218,PHC,5.3149999999999995,17.83,20.986666666666668,2.1918,21.2757,25.8012,True,True,PHC is closer and functional
421849,8333534462,8775846218,PHC,56.89333333333333,60.78333333333333,80.30166666666668,23.607200000000002,30.9193,58.5732,True,True,PHC is closer and functional
421793,8333534462,8775846218,PHC,58.17833333333333,62.068333333333335,81.58666666666666,24.12,31.4321,59.086,True,True,PHC is closer and functional
421847,7217261218,8775846218,CHC,57.35333333333333,52.26833333333333,71.78666666666666,31.7992,27.359099999999998,55.0131,True,True,CHC is closer and functional
421711,Village→DH/SDH,8775846218,DH/SDH,13.51,18.398333333333333,12.013333333333332,10.0572,18.432,8.7633,True,True,Direct to DH/SDH
421742,1111436547,8775846218,PHC,31.573333333333334,45.49,38.598333333333336,13.079,31.5125,21.4344,True,True,PHC is closer and functional
421826,6312222562,8775846218,PHC,8.463333333333333,31.226666666666667,39.644999999999996,5.6318,18.265700000000002,43.2838,True,True,PHC is closer and functional
421827,6312222562,8775846218,PHC,7.255,30.01833333333333,38.43666666666666,4.8255,17.459400000000002,42.4774,True,True,PHC is closer and functional
421825,6312222562,8775846218,PHC,9.613333333333333,32.376666666666665,40.794999999999995,6.3983,19.0322,44.0503,True,True,PHC is closer and functional
421828,6312222562,8775846218,PHC,8.126666666666667,30.89,32.21666666666667,4.4841999999999995,17.1181,29.5915,True,True,PHC is closer and functional
421834,7663654445,8775846218,PHC,7.425,27.06833333333333,23.598333333333336,3.9436,17.5544,26.0039,True,True,PHC is closer and functional
421819,6312222562,8775846218,PHC,17.773333333333333,40.53666666666666,46.49166666666667,10.9701,23.604,35.4447,True,True,PHC is closer and functional
421832,6312222562,8775846218,PHC,5.086666666666667,27.85,35.25666666666667,3.2189,15.852799999999998,30.8567,True,True,PHC is closer and functional
421821,6312222562,8775846218,PHC,11.406666666666666,34.169999999999995,42.58833333333334,7.596100000000001,20.23,45.2481,True,True,PHC is closer and functional
421816,Village→DH/SDH,8775846218,PHC,31.065,51.598333333333336,34.49333333333333,25.3547,53.330400000000004,29.532700000000002,True,True,Direct to DH/SDH
421818,6312222562,8775846218,PHC,24.815,47.57833333333333,39.45,13.8974,26.531200000000002,32.5174,True,True,PHC is closer and functional
421813,Village→DH/SDH,8775846218,PHC,31.368333333333332,51.901666666666664,34.79666666666667,25.5571,53.5329,29.7352,True,True,Direct to DH/SDH
421817,6312222562,8775846218,PHC,23.801666666666666,46.565000000000005,40.46333333333334,13.476700000000001,26.110599999999998,32.9381,True,True,PHC is closer and functional
421808,7663654445,8775846218,PHC,0.0,21.258333333333333,16.173333333333332,0.0,16.0279,22.060299999999998,True,True,PHC is closer and functional
421810,7663654445,8775846218,PHC,9.548333333333334,30.115000000000002,25.721666666666668,4.2522,19.3673,26.3125,True,True,PHC is closer and functional
421812,Village→DH/SDH,8775846218,PHC,32.54666666666667,53.080000000000005,35.975,25.6538,53.629599999999996,29.8319,True,True,Direct to DH/SDH
421811,Village→DH/SDH,8775846218,PHC,34.818333333333335,55.35166666666667,38.24666666666667,26.600099999999998,54.575900000000004,30.778200000000002,True,True,Direct to DH/SDH
421820,6312222562,8775846218,PHC,11.595,34.358333333333334,42.776666666666664,7.7215,20.355400000000003,45.3735,True,True,PHC is closer and functional
421814,Village→DH/SDH,8775846218,PHC,32.25,51.35,35.67833333333333,26.142599999999998,28.728,30.3206,True,True,Direct to DH/SDH
421815,Village→DH/SDH,8775846218,PHC,31.065,51.598333333333336,34.49333333333333,25.3547,53.330400000000004,29.532700000000002,True,True,Direct to DH/SDH
421809,7663654445,8775846218,PHC,2.86,24.118333333333332,13.313333333333333,4.0354,20.0634,18.0248,True,True,PHC is closer and functional
421782,7663654445,8775846218,PHC,20.55,41.11666666666667,36.723333333333336,8.8232,23.938200000000002,30.8835,True,True,PHC is closer and functional
421781,7663654445,8775846218,PHC,14.856666666666666,35.42333333333333,31.029999999999998,6.4553,21.5703,28.5155,True,True,PHC is closer and functional
421708,Village→DH/SDH,8775846218,DH/SDH,26.540000000000003,27.341666666666665,20.956666666666667,15.469899999999999,25.1715,15.502799999999999,True,True,Direct to DH/SDH
421771,Village→DH/SDH,8775846218,DH/SDH,34.166666666666664,31.11,24.725,31.0678,30.866,21.1973,True,True,Direct to DH/SDH
421791,7384242819,8775846218,PHC,4.926666666666667,21.628333333333334,15.243333333333334,4.717,25.822,16.153299999999998,True,True,PHC is closer and functional
421709,Village→DH/SDH,8775846218,PHC,19.363333333333333,25.759999999999998,19.375,12.5426,22.600099999999998,12.931299999999998,True,True,Direct to DH/SDH
421707,Village→DH/SDH,8775846218,PHC,29.654999999999998,36.05166666666666,29.666666666666668,16.828799999999998,26.886200000000002,17.2175,True,True,Direct to DH/SDH
421671,7384242819,8775846218,PHC,0.0,18.53666666666667,12.151666666666667,0.0,21.838,12.1693,True,True,PHC is closer and functional
421706,7384242819,8775846218,PHC,16.783333333333335,33.485,27.1,9.6422,30.7472,21.0785,True,True,PHC is closer and functional
421788,Village→DH/SDH,8775846218,DH/SDH,30.918333333333333,40.684999999999995,23.58,24.1875,46.0674,22.2697,True,True,Direct to DH/SDH
421705,7384242819,8775846218,PHC,8.355,25.05666666666667,18.671666666666667,3.3948,24.4998,14.831100000000001,True,True,PHC is closer and functional
421784,Village→DH/SDH,8775846218,DH/SDH,35.651666666666664,34.39666666666667,28.011666666666667,19.2739,32.8305,23.1618,True,True,Direct to DH/SDH
421786,7384242819,8775846218,PHC,22.83,39.531666666666666,33.14666666666667,12.153799999999999,33.2588,23.5901,True,True,PHC is closer and functional
421785,Village→DH/SDH,8775846218,PHC,29.646666666666665,41.76166666666666,35.376666666666665,14.960899999999999,37.567,27.8982,True,True,Direct to DH/SDH
421780,7663654445,8775846218,PHC,10.416666666666666,20.23,13.845,11.5964,25.4432,15.7744,True,True,PHC is closer and functional
421783,7663654445,8775846218,PHC,13.370000000000001,23.183333333333334,16.798333333333332,13.567200000000001,27.414,17.7452,True,True,PHC is closer and functional
421787,Village→DH/SDH,8775846218,PHC,28.81,36.61666666666667,30.23166666666667,14.636,35.4523,25.7835,True,True,Direct to DH/SDH
421944,6312222562,8775846218,PHC,13.021666666666667,30.791666666666668,27.321666666666665,6.5233,19.1029,27.5523,True,True,PHC is closer and functional
421789,Village→DH/SDH,8775846218,DH/SDH,29.623333333333335,43.04833333333333,25.94333333333333,23.1487,47.5156,23.7179,True,True,Direct to DH/SDH
421790,Village→DH/SDH,8775846218,DH/SDH,30.956666666666667,38.62,21.515,30.7617,44.688900000000004,20.8912,True,True,Direct to DH/SDH
421829,6312222562,8775846218,PHC,8.753333333333334,31.516666666666666,31.59,4.7461,17.38,29.3296,True,True,PHC is closer and functional
421947,7663654445,8775846218,PHC,1.18,20.078333333333333,17.353333333333335,1.6687,14.3593,23.728900000000003,True,True,PHC is closer and functional
421948,7663654445,8775846218,PHC,1.535,19.723333333333336,17.708333333333332,2.1691,13.858799999999999,24.229400000000002,True,True,PHC is closer and functional
421946,7663654445,8775846218,PHC,6.87,27.436666666666667,23.043333333333333,3.1415,18.2565,25.2018,True,True,PHC is closer and functional
421624,8576225885,8775846218,PHC,16.775,33.12166666666666,40.78666666666666,8.9787,20.636,31.0589,True,True,PHC is closer and functional
421662,4332641887,8775846218,CHC,19.471666666666668,2.341666666666667,5.693333333333333,13.375,3.1846,7.341399999999999,True,True,CHC is closer and functional
421646,2148647825,8775846218,PHC,11.446666666666665,16.321666666666665,23.986666666666668,4.7003,9.7725,20.195400000000003,True,True,PHC is closer and functional
421629,2148647825,8775846218,PHC,11.751666666666667,16.76,24.425,6.2363,11.3085,21.7313,True,True,PHC is closer and functional
421645,4332641887,8775846218,CHC,33.36666666666667,16.478333333333335,23.715,16.187,7.1029,16.653299999999998,True,True,CHC is closer and functional
421676,Village→DH/SDH,8775846218,DH/SDH,65.19333333333333,52.91166666666666,46.019999999999996,28.775599999999997,36.4426,26.3645,True,True,Direct to DH/SDH
421665,Village→DH/SDH,8775846218,CHC,31.733333333333334,14.845,16.0,16.0087,6.924600000000001,12.6826,True,True,Direct to DH/SDH
421661,4332641887,8775846218,CHC,26.821666666666665,9.933333333333334,17.17,13.4804,4.3963,13.9467,True,True,CHC is closer and functional
421660,4332641887,8775846218,CHC,27.641666666666666,10.753333333333334,17.990000000000002,13.819799999999999,4.7357,14.286100000000001,True,True,CHC is closer and functional
421644,2148647825,8775846218,PHC,9.925,14.8,22.465,4.0703000000000005,9.1425,19.5654,True,True,PHC is closer and functional
421648,2148647825,8775846218,PHC,0.0,17.546666666666667,25.211666666666666,0.0,10.2935,20.7164,True,True,PHC is closer and functional
421668,Village→DH/SDH,8775846218,DH/SDH,11.379999999999999,17.14333333333333,10.758333333333333,8.780100000000001,18.8577,9.189,True,True,Direct to DH/SDH
421698,Village→DH/SDH,8775846218,CHC,32.955,16.066666666666666,18.938333333333333,16.8255,7.7414,14.6356,True,True,Direct to DH/SDH
421626,2148647825,8775846218,PHC,16.208333333333332,21.216666666666665,28.881666666666668,9.199,14.2712,24.6941,True,True,PHC is closer and functional
421643,4332641887,8775846218,CHC,12.6,8.853333333333333,16.518333333333334,6.3113,5.5705,15.9933,True,True,CHC is closer and functional
421666,Village→DH/SDH,8775846218,DH/SDH,33.54333333333333,17.138333333333332,13.706666666666667,15.312700000000001,8.4541,11.1531,True,True,Direct to DH/SDH
421642,4332641887,8775846218,CHC,14.221666666666666,8.22,15.885,7.2494,5.051699999999999,15.4746,True,True,CHC is closer and functional
421695,Village→DH/SDH,8775846218,CHC,26.736666666666668,9.606666666666666,11.098333333333333,16.587,6.3967,7.2658000000000005,True,True,Direct to DH/SDH
421638,4332641887,8775846218,CHC,13.341666666666667,11.764999999999999,19.43,6.3496999999999995,7.041300000000001,17.4642,True,True,CHC is closer and functional
421663,4332641887,8775846218,CHC,21.251666666666665,4.121666666666667,7.501666666666667,13.6597,3.4693,7.847,True,True,CHC is closer and functional
421639,2148647825,8775846218,PHC,8.021666666666667,9.508333333333333,17.173333333333336,3.7763,6.5172,16.940099999999997,True,True,PHC is closer and functional
250556,2148647825,8775846218,CHC,17.475,0.0,8.05,10.2935,0.0,10.5261,True,True,PHC is closer and functional
421641,4332641887,8775846218,CHC,13.278333333333334,7.801666666666667,15.466666666666667,6.322100000000001,4.7584,15.1812,True,True,CHC is closer and functional
421640,4332641887,8775846218,CHC,11.445,9.635,17.3,5.5598,5.5207,15.9435,True,True,CHC is closer and functional
421636,2148647825,8775846218,PHC,9.501666666666667,23.490000000000002,31.154999999999998,3.9018,12.7676,23.1904,True,True,PHC is closer and functional
421637,2148647825,8775846218,PHC,8.139999999999999,13.148333333333333,20.813333333333333,3.8299000000000003,8.9021,19.325,True,True,PHC is closer and functional
421627,2148647825,8775846218,PHC,16.779999999999998,21.788333333333334,29.453333333333333,7.234100000000001,12.306299999999998,22.729200000000002,True,True,PHC is closer and functional
421664,4332641887,8775846218,CHC,27.084999999999997,10.196666666666665,17.433333333333334,13.59,4.5059,14.056299999999998,True,True,CHC is closer and functional
421657,2148647825,8775846218,PHC,14.205,29.766666666666666,31.045,5.8762,15.3415,16.5537,True,True,PHC is closer and functional
421678,Village→DH/SDH,8775846218,DH/SDH,67.4,55.11833333333333,48.22666666666667,30.7928,38.4598,28.3818,True,True,Direct to DH/SDH
421669,7384242819,8775846218,PHC,11.03,21.05,14.665,6.884600000000001,19.4746,9.8059,True,True,PHC is closer and functional
421659,4332641887,8775846218,CHC,33.97666666666667,17.08833333333333,21.721666666666668,16.409299999999998,7.3252,15.3367,True,True,CHC is closer and functional
421658,2148647825,8775846218,PHC,11.233333333333333,26.795,34.071666666666665,4.6579,14.1232,17.772,True,True,PHC is closer and functional
421647,2148647825,8775846218,PHC,7.236666666666666,22.165000000000003,29.83,2.9506,12.2155,22.6384,True,True,PHC is closer and functional
421628,2148647825,8775846218,PHC,13.770000000000001,18.778333333333332,26.44333333333333,5.9852,11.0574,21.4802,True,True,PHC is closer and functional
421677,Village→DH/SDH,8775846218,DH/SDH,65.87166666666667,53.59,46.69833333333334,29.3957,37.0627,26.984599999999997,True,True,Direct to DH/SDH
421696,Village→DH/SDH,8775846218,DH/SDH,24.63,7.5,6.748333333333333,17.061700000000002,6.8713999999999995,5.4561,True,True,Direct to DH/SDH
421667,Village→DH/SDH,8775846218,DH/SDH,33.776666666666664,16.888333333333332,13.956666666666667,17.3708,8.286700000000002,11.3205,True,True,Direct to DH/SDH
421618,8576225885,8775846218,PHC,16.288333333333334,37.980000000000004,45.644999999999996,6.7525,22.7183,33.1412,True,True,PHC is closer and functional
421616,8576225885,8775846218,PHC,20.798333333333336,42.49,50.155,8.633799999999999,24.5996,35.0225,True,True,PHC is closer and functional
421631,2148647825,8775846218,PHC,17.134999999999998,22.14333333333333,29.808333333333334,7.8866000000000005,12.9588,23.381700000000002,True,True,PHC is closer and functional
421656,2148647825,8775846218,PHC,18.668333333333333,31.933333333333334,26.581666666666667,7.736800000000001,16.03,14.693100000000001,True,True,PHC is closer and functional
421655,7384242819,8775846218,PHC,15.726666666666667,26.65,21.298333333333336,6.560899999999999,13.8665,12.5296,True,True,PHC is closer and functional
421654,7384242819,8775846218,PHC,14.431666666666667,31.52,26.168333333333333,5.9451,16.8311,15.494200000000001,True,True,PHC is closer and functional
421651,7384242819,8775846218,PHC,32.096666666666664,40.7,42.413333333333334,21.634900000000002,21.456400000000002,33.0712,True,True,PHC is closer and functional
421649,2148647825,8775846218,PHC,7.208333333333333,24.755,32.42,2.9868,13.280299999999999,23.703200000000002,True,True,PHC is closer and functional
421673,7384242819,8775846218,PHC,25.790000000000003,42.49166666666667,36.10666666666667,17.9543,39.059400000000004,29.390700000000002,True,True,PHC is closer and functional
421604,8576225885,8775846218,PHC,14.731666666666666,47.580000000000005,55.245,7.3661,29.9908,40.413599999999995,True,True,PHC is closer and functional
421670,7384242819,8775846218,PHC,7.875,26.41166666666667,20.026666666666664,3.2306999999999997,25.0687,15.4,True,True,PHC is closer and functional
421653,7384242819,8775846218,PHC,22.12,39.208333333333336,33.85666666666667,9.1136,19.999599999999997,18.6627,True,True,PHC is closer and functional
421652,7384242819,8775846218,PHC,26.048333333333336,35.638333333333335,37.785,10.7484,21.266,20.2976,True,True,PHC is closer and functional
421633,2148647825,8775846218,PHC,31.783333333333335,41.41166666666666,49.07666666666667,13.1044,20.9405,31.3633,True,True,PHC is closer and functional
421632,2148647825,8775846218,PHC,20.56,30.188333333333333,37.85333333333333,8.4744,16.3104,26.7333,True,True,PHC is closer and functional
421635,2148647825,8775846218,PHC,12.215,26.203333333333333,33.86833333333333,4.9552,13.821,24.2438,True,True,PHC is closer and functional
421619,2148647825,8775846218,PHC,23.653333333333332,33.281666666666666,40.94666666666667,9.706100000000001,17.5422,27.965,True,True,PHC is closer and functional
421614,8576225885,8775846218,PHC,6.305000000000001,38.94166666666667,46.60666666666667,2.6129000000000002,23.771900000000002,34.1947,True,True,PHC is closer and functional
421620,8576225885,8775846218,PHC,17.16,28.025,35.690000000000005,9.817,17.754,28.1769,True,True,PHC is closer and functional
421621,8576225885,8775846218,PHC,7.263333333333334,35.788333333333334,43.45333333333333,2.9772,22.5013,32.924099999999996,True,True,PHC is closer and functional
421623,8576225885,8775846218,PHC,15.046666666666665,31.39333333333333,39.05833333333333,8.2584,19.9158,30.3386,True,True,PHC is closer and functional
421613,8576225885,8775846218,PHC,6.055000000000001,39.055,46.72,2.5114,23.766599999999997,34.1894,True,True,PHC is closer and functional
421622,8576225885,8775846218,PHC,8.886666666666667,28.509999999999998,36.175,5.3437,19.1182,29.5411,True,True,PHC is closer and functional
421672,7384242819,8775846218,PHC,11.615,28.316666666666666,21.93166666666667,7.2207,28.3257,18.657,True,True,PHC is closer and functional
421650,2148647825,8775846218,PHC,14.298333333333334,28.738333333333333,36.40333333333333,7.8623,16.909299999999998,27.3322,True,True,PHC is closer and functional
421634,2148647825,8775846218,PHC,10.221666666666666,24.66166666666667,32.32666666666667,5.1498,14.1969,24.619799999999998,True,True,PHC is closer and functional
421612,8576225885,8775846218,PHC,5.8983333333333325,43.343333333333334,51.00833333333333,2.4442,26.9061,37.329,True,True,PHC is closer and functional
421615,8576225885,8775846218,PHC,13.655,49.12166666666667,56.78666666666666,5.657100000000001,29.3156,39.7385,True,True,PHC is closer and functional
421611,8576225885,8775846218,PHC,0.0,37.445,45.11,0.0,24.4619,34.884800000000006,True,True,PHC is closer and functional
421610,8576225885,8775846218,PHC,7.905,34.34666666666667,42.01166666666666,4.0424,22.388900000000003,32.811699999999995,True,True,PHC is closer and functional
421608,8576225885,8775846218,PHC,5.0649999999999995,37.913333333333334,45.57833333333333,2.7472,25.3718,35.7947,True,True,PHC is closer and functional
421603,8576225885,8775846218,PHC,20.895,53.888333333333335,61.55333333333333,8.6575,31.2822,41.705,True,True,PHC is closer and functional
421630,2148647825,8775846218,PHC,19.125,24.133333333333333,31.798333333333336,9.909,14.981200000000001,25.4041,True,True,PHC is closer and functional
421617,8576225885,8775846218,PHC,26.06833333333333,40.02333333333333,47.68833333333334,10.7574,20.401799999999998,30.8247,True,True,PHC is closer and functional
421625,2148647825,8775846218,PHC,18.695,23.703333333333333,31.368333333333332,9.7584,14.8306,25.2535,True,True,PHC is closer and functional
421609,8576225885,8775846218,PHC,9.036666666666667,42.03,49.695,3.7595,26.3842,36.807,True,True,PHC is closer and functional
421607,8576225885,8775846218,PHC,11.055,43.90333333333333,51.568333333333335,5.5697,28.1944,38.6172,True,True,PHC is closer and functional
421606,8576225885,8775846218,PHC,8.9,41.748333333333335,49.413333333333334,5.2945,27.9192,38.342,True,True,PHC is closer and functional
421605,8576225885,8775846218,PHC,18.235,51.083333333333336,58.748333333333335,8.7902,31.414900000000003,41.8377,True,True,PHC is closer and functional
422043,3522883473,2726882281,PHC,3.518333333333333,48.845,14.953333333333335,3.7982,41.0389,15.0546,True,True,PHC is closer and functional
422044,3522883473,2726882281,PHC,8.258333333333333,53.585,19.69333333333333,5.7889,43.0297,17.0453,True,True,PHC is closer and functional
422045,3522883473,2726882281,PHC,13.29,55.69166666666667,24.725,7.8828000000000005,29.553099999999997,19.139200000000002,True,True,PHC is closer and functional
422041,3522883473,2726882281,PHC,7.45,52.776666666666664,18.884999999999998,3.9269000000000003,41.167699999999996,15.1833,True,True,PHC is closer and functional
422042,3522883473,2726882281,PHC,4.96,50.28666666666666,16.395,2.8879,40.128699999999995,14.1443,True,True,PHC is closer and functional
422046,3522883473,2726882281,PHC,14.628333333333334,57.84166666666667,26.063333333333333,8.4372,30.446,19.6936,True,True,PHC is closer and functional
422004,Village→DH/SDH,2726882281,DH/SDH,16.268333333333334,26.19333333333333,9.646666666666667,19.890400000000003,37.007,11.713899999999999,True,True,Direct to DH/SDH
422012,3522883473,2726882281,PHC,0.0,45.32666666666667,11.435,0.0,37.2407,11.2564,True,True,PHC is closer and functional
422006,3522883473,2726882281,PHC,9.93,42.04,13.408333333333333,4.7045,39.7379,11.913,True,True,PHC is closer and functional
422005,Village→DH/SDH,2726882281,DH/SDH,14.948333333333332,24.873333333333335,8.326666666666666,18.0168,35.1335,9.8403,True,True,Direct to DH/SDH
