lgd_villagecode,village_name,district,nin,facility_name,facility_type,travel_time_min,distance_km,travel_time_bike,travel_time_auto,car_emissions_kg,bike_emissions_kg,auto_emissions_kg,car_cost_inr,bike_cost_inr,auto_cost_inr
381000.0,,jharsuguda,1111456644,Kiritmal,hsc,1.78,1.19,1.78,2.3674,0.2618,0.0595,0.0833,14.28,2.9749999999999996,17.849999999999998
380999.0,,jharsuguda,1111461685,Muralipali,hsc,6.98,3.2,6.98,9.2834,0.7040000000000001,0.16000000000000003,0.22400000000000003,38.400000000000006,8.0,48.0
380997.0,,jharsuguda,1111462378,Sukhasoda,hsc,0.0,0.0,0.0,0.0,0.0,0.0,0.0,0.0,0.0,0.0
381002.0,,jharsuguda,1111456644,Kiritmal,hsc,0.0,0.0,0.0,0.0,0.0,0.0,0.0,0.0,0.0,0.0
380995.0,,jharsuguda,1111461685,Muralipali,hsc,6.46,3.87,6.46,8.591800000000001,0.8514,0.1935,0.27090000000000003,46.44,9.675,58.050000000000004
380998.0,,jharsuguda,1111462378,Sukhasoda,hsc,10.48,4.09,10.48,13.938400000000001,0.8997999999999999,0.20450000000000002,0.2863,49.08,10.225,61.349999999999994
380996.0,,jharsuguda,1111461685,Muralipali,hsc,0.0,0.0,0.0,0.0,0.0,0.0,0.0,0.0,0.0,0.0
380994.0,,jharsuguda,1111461685,Muralipali,hsc,8.24,5.15,8.24,10.959200000000001,1.133,0.2575,0.36050000000000004,61.800000000000004,12.875,77.25
380993.0,,jharsuguda,1111461776,Pithinda,hsc,4.5,2.71,4.5,5.985,0.5962,0.1355,0.1897,32.519999999999996,6.775,40.65
380988.0,,jharsuguda,1111461776,Pithinda,hsc,3.47,2.32,3.47,4.615100000000001,0.5104,0.11599999999999999,0.16240000000000002,27.839999999999996,5.8,34.8
381003.0,,jharsuguda,1111456644,Kiritmal,hsc,0.01,0.0,0.01,0.013300000000000001,0.0,0.0,0.0,0.0,0.0,0.0
381004.0,,jharsuguda,1111456644,Kiritmal,hsc,60.19,38.08,60.19,80.0527,8.3776,1.904,2.6656,456.96,95.19999999999999,571.1999999999999
380970.0,,jharsuguda,1111455745,Bhanarkhol,hsc,0.87,1.24,0.87,1.1571,0.2728,0.062,0.0868,14.879999999999999,3.1,18.6
381001.0,,jharsuguda,1111456644,Kiritmal,hsc,0.24,0.16,0.24,0.3192,0.0352,0.008,0.011200000000000002,1.92,0.4,2.4
380991.0,,jharsuguda,1111461776,Pithinda,hsc,0.0,0.0,0.0,0.0,0.0,0.0,0.0,0.0,0.0,0.0
380992.0,,jharsuguda,1111461776,Pithinda,hsc,1.84,1.14,1.84,2.4472,0.25079999999999997,0.056999999999999995,0.0798,13.68,2.8499999999999996,17.099999999999998
380974.0,,jharsuguda,1111456438,Gumadera,hsc,0.41,0.59,0.41,0.5453,0.1298,0.0295,0.0413,7.08,1.4749999999999999,8.85
380971.0,,jharsuguda,1111456438,Gumadera,hsc,0.43,0.61,0.43,0.5719000000000001,0.13419999999999999,0.0305,0.0427,7.32,1.525,9.15
380972.0,,jharsuguda,1111456438,Gumadera,hsc,0.41,0.59,0.41,0.5453,0.1298,0.0295,0.0413,7.08,1.4749999999999999,8.85
380976.0,,jharsuguda,1111462287,Samarbaga,hsc,0.5,0.7,0.5,0.665,0.154,0.034999999999999996,0.049,8.399999999999999,1.75,10.5
380975.0,,jharsuguda,1111456438,Gumadera,hsc,0.74,1.05,0.74,0.9842000000000001,0.231,0.052500000000000005,0.07350000000000001,12.600000000000001,2.625,15.75
380989.0,,jharsuguda,1111461776,Pithinda,hsc,3.49,2.33,3.49,4.6417,0.5126000000000001,0.1165,0.16310000000000002,27.96,5.825,34.95
380990.0,,jharsuguda,1111461776,Pithinda,hsc,2.1,1.4,2.1,2.793,0.308,0.06999999999999999,0.098,16.799999999999997,3.5,21.0
380977.0,,jharsuguda,1111454722,Palsada,hsc,2.72,3.86,2.72,3.6176000000000004,0.8492,0.193,0.2702,46.32,9.65,57.9
380952.0,,jharsuguda,1111456461,Kanaktora,hsc,5.31,2.98,5.31,7.0623,0.6556,0.149,0.2086,35.76,7.45,44.7
380953.0,,jharsuguda,1111456461,Kanaktora,hsc,0.0,0.0,0.0,0.0,0.0,0.0,0.0,0.0,0.0,0.0
380987.0,,jharsuguda,1111456461,Kanaktora,hsc,5.55,4.03,5.55,7.3815,0.8866,0.2015,0.2821,48.36,10.075000000000001,60.45
380933.0,,jharsuguda,1111461479,Machida,hsc,0.0,0.0,0.0,0.0,0.0,0.0,0.0,0.0,0.0,0.0
380936.0,,jharsuguda,1111461479,Machida,hsc,5.15,3.39,5.15,6.849500000000001,0.7458,0.1695,0.23730000000000004,40.68,8.475,50.85
380930.0,,jharsuguda,1111454664,Katapali,hsc,5.11,2.13,5.11,6.7963000000000005,0.46859999999999996,0.1065,0.1491,25.56,5.324999999999999,31.95
380966.0,,jharsuguda,1111462287,Samarbaga,hsc,0.0,0.0,0.0,0.0,0.0,0.0,0.0,0.0,0.0,0.0
380944.0,,jharsuguda,1111461479,Machida,hsc,2.34,1.52,2.34,3.1122,0.33440000000000003,0.07600000000000001,0.10640000000000001,18.240000000000002,3.8,22.8
380951.0,,jharsuguda,1111456461,Kanaktora,hsc,5.75,3.26,5.75,7.647500000000001,0.7172,0.163,0.22820000000000001,39.12,8.149999999999999,48.9
380929.0,,jharsuguda,1111454664,Katapali,hsc,5.82,2.35,5.82,7.740600000000001,0.517,0.11750000000000001,0.16450000000000004,28.200000000000003,5.875,35.25
380934.0,,jharsuguda,1111461479,Machida,hsc,3.21,1.56,3.21,4.2693,0.3432,0.07800000000000001,0.10920000000000002,18.72,3.9000000000000004,23.400000000000002
380931.0,,jharsuguda,1111461479,Machida,hsc,7.21,3.89,7.21,9.5893,0.8558,0.1945,0.27230000000000004,46.68,9.725,58.35
380965.0,,jharsuguda,1111462287,Samarbaga,hsc,0.4,0.56,0.4,0.532,0.12320000000000002,0.028000000000000004,0.039200000000000006,6.720000000000001,1.4000000000000001,8.4
380967.0,,jharsuguda,1111456438,Gumadera,hsc,0.6,0.85,0.6,0.798,0.187,0.0425,0.059500000000000004,10.2,2.125,12.75
380938.0,,jharsuguda,1111461479,Machida,hsc,7.4,4.3,7.4,9.842,0.946,0.215,0.301,51.599999999999994,10.75,64.5
380942.0,,jharsuguda,1111454722,Palsada,hsc,3.02,4.29,3.02,4.0166,0.9438,0.21450000000000002,0.3003,51.480000000000004,10.725,64.35
380941.0,,jharsuguda,1111462287,Samarbaga,hsc,1.4,1.98,1.4,1.8619999999999999,0.4356,0.099,0.1386,23.759999999999998,4.95,29.7
380973.0,,jharsuguda,1111456438,Gumadera,hsc,0.91,1.29,0.91,1.2103000000000002,0.2838,0.0645,0.0903,15.48,3.225,19.35
380949.0,,jharsuguda,1111455836,Bhikampali,hsc,4.88,3.27,4.88,6.4904,0.7194,0.1635,0.22890000000000002,39.24,8.175,49.05
380960.0,,jharsuguda,1111454722,Palsada,hsc,0.94,1.33,0.94,1.2502,0.2926,0.0665,0.09310000000000002,15.96,3.325,19.950000000000003
380961.0,,jharsuguda,1111454722,Palsada,hsc,1.7,2.41,1.7,2.261,0.5302,0.12050000000000001,0.16870000000000002,28.92,6.025,36.150000000000006
380948.0,,jharsuguda,1111454722,Palsada,hsc,3.31,2.24,3.31,4.4023,0.49280000000000007,0.11200000000000002,0.15680000000000002,26.880000000000003,5.6000000000000005,33.6
380957.0,,jharsuguda,1111455836,Bhikampali,hsc,0.0,0.0,0.0,0.0,0.0,0.0,0.0,0.0,0.0,0.0
380945.0,,jharsuguda,1111454722,Palsada,hsc,4.65,3.35,4.65,6.184500000000001,0.737,0.1675,0.23450000000000004,40.2,8.375,50.25
380937.0,,jharsuguda,1111461479,Machida,hsc,3.34,2.18,3.34,4.4422,0.4796,0.10900000000000001,0.1526,26.160000000000004,5.45,32.7
380928.0,,jharsuguda,1111454664,Katapali,hsc,0.0,0.0,0.0,0.0,0.0,0.0,0.0,0.0,0.0,0.0
380935.0,,jharsuguda,1111461479,Machida,hsc,9.22,6.1,9.22,12.2626,1.3419999999999999,0.305,0.427,73.19999999999999,15.25,91.5
380955.0,,jharsuguda,1111455836,Bhikampali,hsc,3.75,4.51,3.75,4.987500000000001,0.9922,0.2255,0.31570000000000004,54.12,11.274999999999999,67.64999999999999
380964.0,,jharsuguda,1111462287,Samarbaga,hsc,2.59,3.66,2.59,3.4447,0.8052,0.18300000000000002,0.25620000000000004,43.92,9.15,54.900000000000006
380932.0,,jharsuguda,1111461479,Machida,hsc,2.81,1.77,2.81,3.7373000000000003,0.3894,0.08850000000000001,0.12390000000000001,21.240000000000002,4.425,26.55
380950.0,,jharsuguda,1111455836,Bhikampali,hsc,5.12,3.97,5.12,6.8096000000000005,0.8734000000000001,0.1985,0.27790000000000004,47.64,9.925,59.550000000000004
380983.0,,jharsuguda,1111455836,Bhikampali,hsc,2.89,3.29,2.89,3.8437000000000006,0.7238,0.1645,0.23030000000000003,39.480000000000004,8.225,49.35
380940.0,,jharsuguda,1111462287,Samarbaga,hsc,0.96,1.35,0.96,1.2768,0.29700000000000004,0.0675,0.09450000000000001,16.200000000000003,3.375,20.25
380943.0,,jharsuguda,1111461479,Machida,hsc,6.76,4.28,6.76,8.9908,0.9416000000000001,0.21400000000000002,0.29960000000000003,51.36,10.700000000000001,64.2
380939.0,,jharsuguda,1111462287,Samarbaga,hsc,11.94,9.09,11.94,15.8802,1.9998,0.4545,0.6363000000000001,109.08,22.725,136.35
380968.0,,jharsuguda,1111456438,Gumadera,hsc,0.0,0.0,0.0,0.0,0.0,0.0,0.0,0.0,0.0,0.0
380946.0,,jharsuguda,1111454722,Palsada,hsc,3.88,3.06,3.88,5.1604,0.6732,0.15300000000000002,0.21420000000000003,36.72,7.65,45.9
380947.0,,jharsuguda,1111454722,Palsada,hsc,4.49,2.77,4.49,5.9717,0.6094,0.1385,0.19390000000000002,33.24,6.925,41.55
380986.0,,jharsuguda,1111456461,Kanaktora,hsc,5.09,3.45,5.09,6.7697,0.759,0.17250000000000001,0.24150000000000005,41.400000000000006,8.625,51.75
380982.0,,jharsuguda,1111455836,Bhikampali,hsc,1.13,0.98,1.13,1.5029,0.21559999999999999,0.049,0.06860000000000001,11.76,2.45,14.7
380963.0,,jharsuguda,1111454722,Palsada,hsc,2.77,3.92,2.77,3.6841000000000004,0.8623999999999999,0.196,0.27440000000000003,47.04,9.8,58.8
380956.0,,jharsuguda,1111455836,Bhikampali,hsc,0.94,0.71,0.94,1.2502,0.1562,0.0355,0.0497,8.52,1.775,10.649999999999999
380969.0,,jharsuguda,1111456438,Gumadera,hsc,1.06,1.5,1.06,1.4098000000000002,0.33,0.07500000000000001,0.10500000000000001,18.0,3.75,22.5
380981.0,,jharsuguda,1111454722,Palsada,hsc,1.04,1.47,1.04,1.3832000000000002,0.3234,0.0735,0.1029,17.64,3.675,22.05
380958.0,,jharsuguda,1111454722,Palsada,hsc,0.11,0.15,0.11,0.1463,0.033,0.0075,0.0105,1.7999999999999998,0.375,2.25
380959.0,,jharsuguda,1111454722,Palsada,hsc,1.73,1.92,1.73,2.3009,0.4224,0.096,0.13440000000000002,23.04,4.8,28.799999999999997
380954.0,,jharsuguda,1111456461,Kanaktora,hsc,2.88,3.23,2.88,3.8304,0.7106,0.1615,0.22610000000000002,38.76,8.075,48.45
380985.0,,jharsuguda,1111456461,Kanaktora,hsc,2.73,3.01,2.73,3.6309,0.6622,0.1505,0.2107,36.12,7.5249999999999995,45.15
380962.0,,jharsuguda,1111454722,Palsada,hsc,2.68,3.81,2.68,3.5644000000000005,0.8382000000000001,0.1905,0.26670000000000005,45.72,9.525,57.15
380980.0,,jharsuguda,1111454722,Palsada,hsc,0.06,0.08,0.06,0.0798,0.0176,0.004,0.005600000000000001,0.96,0.2,1.2
380979.0,,jharsuguda,1111454722,Palsada,hsc,0.0,0.0,0.0,0.0,0.0,0.0,0.0,0.0,0.0,0.0
380978.0,,jharsuguda,1111454722,Palsada,hsc,1.65,2.34,1.65,2.1945,0.5147999999999999,0.11699999999999999,0.1638,28.08,5.85,35.099999999999994
380984.0,,jharsuguda,1111455836,Bhikampali,hsc,3.44,4.08,3.44,4.575200000000001,0.8976000000000001,0.20400000000000001,0.2856,48.96,10.2,61.2
381047.0,,jharsuguda,1111456347,Dalgaon,hsc,4.74,2.03,4.74,6.304200000000001,0.44659999999999994,0.10149999999999999,0.1421,24.36,5.074999999999999,30.449999999999996
381071.0,,jharsuguda,1111462436,Tilia,hsc,0.24,0.1,0.24,0.3192,0.022000000000000002,0.005000000000000001,0.007000000000000001,1.2000000000000002,0.25,1.5
381068.0,,jharsuguda,1111462436,Tilia,hsc,0.0,0.0,0.0,0.0,0.0,0.0,0.0,0.0,0.0,0.0
381031.0,,jharsuguda,1111461743,Pandori,hsc,14.33,8.71,14.33,19.0589,1.9162000000000001,0.43550000000000005,0.6097000000000001,104.52000000000001,21.775000000000002,130.65
381019.0,,jharsuguda,1111456735,Kusuraloi,hsc,6.45,4.26,6.45,8.5785,0.9371999999999999,0.213,0.2982,51.12,10.649999999999999,63.9
381016.0,,jharsuguda,1111454813,Bagmunda,hsc,0.0,0.0,0.0,0.0,0.0,0.0,0.0,0.0,0.0,0.0
381053.0,,jharsuguda,1111456347,Dalgaon,hsc,4.0,1.73,4.0,5.32,0.3806,0.08650000000000001,0.12110000000000001,20.759999999999998,4.325,25.95
381050.0,,jharsuguda,1111462345,Sarandamal,hsc,4.08,2.22,4.08,5.4264,0.48840000000000006,0.11100000000000002,0.15540000000000004,26.64,5.550000000000001,33.300000000000004
381048.0,,jharsuguda,1111462345,Sarandamal,hsc,0.0,0.0,0.0,0.0,0.0,0.0,0.0,0.0,0.0,0.0
381015.0,,jharsuguda,1111454813,Bagmunda,hsc,3.46,3.16,3.46,4.6018,0.6952,0.15800000000000003,0.22120000000000004,37.92,7.9,47.400000000000006
381037.0,,jharsuguda,1111456735,Kusuraloi,hsc,7.73,4.07,7.73,10.2809,0.8954000000000001,0.20350000000000001,0.28490000000000004,48.84,10.175,61.050000000000004
381034.0,,jharsuguda,1111461743,Pandori,hsc,0.0,0.0,0.0,0.0,0.0,0.0,0.0,0.0,0.0,0.0
381036.0,,jharsuguda,1111461867,Remanda,hsc,7.06,3.65,7.06,9.3898,0.8029999999999999,0.1825,0.2555,43.8,9.125,54.75
381035.0,,jharsuguda,1111461867,Remanda,hsc,0.0,0.0,0.0,0.0,0.0,0.0,0.0,0.0,0.0,0.0
381072.0,,jharsuguda,1111462436,Tilia,hsc,5.08,2.12,5.08,6.7564,0.46640000000000004,0.10600000000000001,0.14840000000000003,25.44,5.300000000000001,31.8
381067.0,,jharsuguda,1111461834,Rampela,hsc,5.91,2.43,5.91,7.8603000000000005,0.5346000000000001,0.12150000000000001,0.17010000000000003,29.160000000000004,6.075,36.45
381065.0,,jharsuguda,1111461834,Rampela,hsc,2.7,1.12,2.7,3.5910000000000006,0.24640000000000004,0.05600000000000001,0.07840000000000001,13.440000000000001,2.8000000000000003,16.8
381029.0,,jharsuguda,1111461743,Pandori,hsc,9.51,5.28,9.51,12.6483,1.1616,0.264,0.36960000000000004,63.36,13.200000000000001,79.2
381028.0,,jharsuguda,1111454813,Bagmunda,hsc,9.06,5.95,9.06,12.049800000000001,1.309,0.29750000000000004,0.41650000000000004,71.4,14.875,89.25
381059.0,,jharsuguda,1111456677,Kumarbandha,hsc,4.51,2.69,4.51,5.9983,0.5918,0.1345,0.18830000000000002,32.28,6.725,40.35
381058.0,,jharsuguda,1111456677,Kumarbandha,hsc,0.0,0.0,0.0,0.0,0.0,0.0,0.0,0.0,0.0,0.0
381061.0,,jharsuguda,1111462345,Sarandamal,hsc,9.96,6.13,9.96,13.246800000000002,1.3486,0.3065,0.42910000000000004,73.56,15.325,91.95
381027.0,,jharsuguda,1111454813,Bagmunda,hsc,4.17,2.78,4.17,5.5461,0.6115999999999999,0.13899999999999998,0.1946,33.36,6.949999999999999,41.699999999999996
381055.0,,jharsuguda,1111456347,Dalgaon,hsc,0.32,0.21,0.32,0.42560000000000003,0.0462,0.0105,0.014700000000000001,2.52,0.525,3.15
381060.0,,jharsuguda,1111456347,Dalgaon,hsc,13.84,9.19,13.84,18.4072,2.0218,0.4595,0.6433,110.28,22.974999999999998,137.85
381051.0,,jharsuguda,1111456347,Dalgaon,hsc,0.0,0.0,0.0,0.0,0.0,0.0,0.0,0.0,0.0,0.0
381026.0,,jharsuguda,1111456735,Kusuraloi,hsc,0.0,0.0,0.0,0.0,0.0,0.0,0.0,0.0,0.0,0.0
381014.0,,jharsuguda,1111455745,Bhanarkhol,hsc,0.88,1.24,0.88,1.1704,0.2728,0.062,0.0868,14.879999999999999,3.1,18.6
381052.0,,jharsuguda,1111456347,Dalgaon,hsc,0.0,0.0,0.0,0.0,0.0,0.0,0.0,0.0,0.0,0.0
381137.0,,jharsuguda,1111436638,Patrapali,hsc,7.07,2.91,7.07,9.4031,0.6402,0.14550000000000002,0.20370000000000002,34.92,7.275,43.650000000000006
381018.0,,jharsuguda,1111454813,Bagmunda,hsc,8.16,6.42,8.16,10.8528,1.4124,0.321,0.4494,77.03999999999999,16.05,96.3
381012.0,,jharsuguda,1111455745,Bhanarkhol,hsc,1.28,1.82,1.28,1.7024000000000001,0.40040000000000003,0.09100000000000001,0.1274,21.84,4.55,27.3
381049.0,,jharsuguda,1111455380,Bandhabahal,hsc,10.65,6.06,10.65,14.164500000000002,1.3332,0.303,0.4242,72.72,15.149999999999999,90.89999999999999
381045.0,,jharsuguda,1111436729,Kudopali,hsc,9.42,6.93,9.42,12.5286,1.5246,0.34650000000000003,0.48510000000000003,83.16,17.325,103.94999999999999
381021.0,,jharsuguda,1111456735,Kusuraloi,hsc,20.18,10.05,20.18,26.8394,2.2110000000000003,0.5025000000000001,0.7035000000000001,120.60000000000001,25.125,150.75
381017.0,,jharsuguda,1111454631,Lakhanpur,hsc,2.77,2.64,2.77,3.6841000000000004,0.5808,0.132,0.18480000000000002,31.68,6.6000000000000005,39.6
381025.0,,jharsuguda,1111456735,Kusuraloi,hsc,3.55,2.33,3.55,4.7215,0.5126000000000001,0.1165,0.16310000000000002,27.96,5.825,34.95
381073.0,,jharsuguda,1111462345,Sarandamal,hsc,0.0,0.0,0.0,0.0,0.0,0.0,0.0,0.0,0.0,0.0
381013.0,,jharsuguda,1111455745,Bhanarkhol,hsc,0.0,0.0,0.0,0.0,0.0,0.0,0.0,0.0,0.0,0.0
381044.0,,jharsuguda,1111455380,Bandhabahal,hsc,0.0,0.0,0.0,0.0,0.0,0.0,0.0,0.0,0.0,0.0
381020.0,,jharsuguda,1111456735,Kusuraloi,hsc,7.56,5.01,7.56,10.0548,1.1022,0.2505,0.3507,60.12,12.524999999999999,75.14999999999999
381024.0,,jharsuguda,1111455380,Bandhabahal,hsc,15.55,7.92,15.55,20.681500000000003,1.7424,0.396,0.5544,95.03999999999999,19.8,118.8
381032.0,,jharsuguda,1111461743,Pandori,hsc,0.0,0.0,0.0,0.0,0.0,0.0,0.0,0.0,0.0,0.0
381033.0,,jharsuguda,1111461743,Pandori,hsc,0.0,0.0,0.0,0.0,0.0,0.0,0.0,0.0,0.0,0.0
381062.0,,jharsuguda,1111456735,Kusuraloi,hsc,9.89,6.4,9.89,13.1537,1.4080000000000001,0.32000000000000006,0.44800000000000006,76.80000000000001,16.0,96.0
381064.0,,jharsuguda,1111456735,Kusuraloi,hsc,9.89,6.4,9.89,13.1537,1.4080000000000001,0.32000000000000006,0.44800000000000006,76.80000000000001,16.0,96.0
381063.0,,jharsuguda,1111456735,Kusuraloi,hsc,9.98,6.46,9.98,13.2734,1.4212,0.323,0.45220000000000005,77.52,16.15,96.9
381038.0,,jharsuguda,1111461867,Remanda,hsc,8.57,4.28,8.57,11.398100000000001,0.9416000000000001,0.21400000000000002,0.29960000000000003,51.36,10.700000000000001,64.2
381030.0,,jharsuguda,1111461743,Pandori,hsc,11.84,7.05,11.84,15.747200000000001,1.551,0.35250000000000004,0.49350000000000005,84.6,17.625,105.75
381070.0,,jharsuguda,1111462436,Tilia,hsc,0.26,0.11,0.26,0.34580000000000005,0.0242,0.0055000000000000005,0.007700000000000001,1.32,0.275,1.65
381046.0,,jharsuguda,1111436729,Kudopali,hsc,9.42,6.93,9.42,12.5286,1.5246,0.34650000000000003,0.48510000000000003,83.16,17.325,103.94999999999999
381069.0,,jharsuguda,1111462436,Tilia,hsc,4.08,1.7,4.08,5.4264,0.374,0.085,0.11900000000000001,20.4,4.25,25.5
381056.0,,jharsuguda,1111456677,Kumarbandha,hsc,6.84,3.43,6.84,9.0972,0.7546,0.1715,0.24010000000000004,41.160000000000004,8.575000000000001,51.45
381057.0,,jharsuguda,1111456677,Kumarbandha,hsc,7.34,3.64,7.34,9.7622,0.8008000000000001,0.18200000000000002,0.2548,43.68,9.1,54.6
381054.0,,jharsuguda,1111456347,Dalgaon,hsc,4.72,1.91,4.72,6.2776,0.42019999999999996,0.0955,0.1337,22.919999999999998,4.7749999999999995,28.65
381136.0,,jharsuguda,1111436638,Patrapali,hsc,0.0,0.0,0.0,0.0,0.0,0.0,0.0,0.0,0.0,0.0
381066.0,,jharsuguda,1111461834,Rampela,hsc,0.0,0.0,0.0,0.0,0.0,0.0,0.0,0.0,0.0,0.0
381087.0,,jharsuguda,1111437321,Gandaghora,hsc,22.45,9.29,22.45,29.8585,2.0437999999999996,0.46449999999999997,0.6503,111.47999999999999,23.224999999999998,139.35
381009.0,,jharsuguda,1111455471,Banjari,hsc,6.49,3.6,6.49,8.6317,0.792,0.18000000000000002,0.25200000000000006,43.2,9.0,54.0
381011.0,,jharsuguda,1111454631,Lakhanpur,hsc,11.6,7.42,11.6,15.428,1.6324,0.371,0.5194000000000001,89.03999999999999,18.55,111.3
381042.0,,jharsuguda,1111455471,Banjari,hsc,5.39,2.41,5.39,7.1687,0.5302,0.12050000000000001,0.16870000000000002,28.92,6.025,36.150000000000006
381006.0,,jharsuguda,1111455471,Banjari,hsc,6.45,2.68,6.45,8.5785,0.5896,0.134,0.18760000000000002,32.160000000000004,6.7,40.2
381083.0,,jharsuguda,1111438527,Loisingh,hsc,5.69,3.73,5.69,7.567700000000001,0.8206,0.1865,0.2611,44.76,9.325,55.95
381090.0,,jharsuguda,1111437149,Chandanimal,hsc,0.0,0.0,0.0,0.0,0.0,0.0,0.0,0.0,0.0,0.0
381040.0,,jharsuguda,1111462469,Ujalapur,hsc,4.87,2.02,4.87,6.4771,0.4444,0.101,0.14140000000000003,24.240000000000002,5.05,30.3
381074.0,,jharsuguda,1111438618,Rajpur,hsc,5.06,5.29,5.06,6.7298,1.1638,0.2645,0.3703,63.480000000000004,13.225,79.35
381102.0,,jharsuguda,1111436810,Brajrajnagar,hsc,8.42,8.73,8.42,11.1986,1.9206,0.43650000000000005,0.6111000000000001,104.76,21.825000000000003,130.95000000000002
381085.0,,jharsuguda,1111437321,Gandaghora,hsc,22.45,9.29,22.45,29.8585,2.0437999999999996,0.46449999999999997,0.6503,111.47999999999999,23.224999999999998,139.35
381098.0,,jharsuguda,1111437149,Chandanimal,hsc,13.23,6.01,13.23,17.5959,1.3222,0.3005,0.4207,72.12,15.024999999999999,90.14999999999999
381089.0,,jharsuguda,1111437149,Chandanimal,hsc,2.27,0.94,2.27,3.0191000000000003,0.20679999999999998,0.047,0.0658,11.28,2.3499999999999996,14.1
381041.0,,jharsuguda,1111462469,Ujalapur,hsc,8.54,3.56,8.54,11.3582,0.7832,0.17800000000000002,0.24920000000000003,42.72,8.9,53.4
381103.0,,jharsuguda,1111436729,Kudopali,hsc,0.0,0.0,0.0,0.0,0.0,0.0,0.0,0.0,0.0,0.0
381005.0,,jharsuguda,1111462469,Ujalapur,hsc,16.61,8.27,16.61,22.0913,1.8194,0.4135,0.5789,99.24,20.674999999999997,124.05
381043.0,,jharsuguda,1111455380,Bandhabahal,hsc,12.66,5.89,12.66,16.8378,1.2957999999999998,0.2945,0.4123,70.67999999999999,14.725,88.35
381135.0,,jharsuguda,1111436638,Patrapali,hsc,8.57,3.45,8.57,11.398100000000001,0.759,0.17250000000000001,0.24150000000000005,41.400000000000006,8.625,51.75
381099.0,,jharsuguda,1111437149,Chandanimal,hsc,14.42,6.51,14.42,19.1786,1.4322,0.3255,0.45570000000000005,78.12,16.275,97.64999999999999
381100.0,,jharsuguda,1111437149,Chandanimal,hsc,14.4,10.33,14.4,19.152,2.2726,0.5165000000000001,0.7231000000000001,123.96000000000001,25.825,154.95
381095.0,,jharsuguda,1111438618,Rajpur,hsc,2.41,2.21,2.41,3.2053000000000003,0.4862,0.1105,0.1547,26.52,5.525,33.15
381091.0,,jharsuguda,1111438527,Loisingh,hsc,5.79,2.37,5.79,7.7007,0.5214,0.11850000000000001,0.16590000000000002,28.44,5.925000000000001,35.550000000000004
381107.0,,jharsuguda,1111436729,Kudopali,hsc,6.3,4.86,6.3,8.379,1.0692000000000002,0.24300000000000002,0.34020000000000006,58.32000000000001,12.15,72.9
381084.0,,jharsuguda,1111437149,Chandanimal,hsc,6.14,2.48,6.14,8.1662,0.5456,0.124,0.1736,29.759999999999998,6.2,37.2
381022.0,,jharsuguda,1111454631,Lakhanpur,hsc,20.67,18.73,20.67,27.491100000000003,4.1206000000000005,0.9365000000000001,1.3111000000000002,224.76,46.825,280.95
381104.0,,jharsuguda,1111436729,Kudopali,hsc,7.47,5.64,7.47,9.9351,1.2408,0.282,0.39480000000000004,67.67999999999999,14.1,84.6
381134.0,,jharsuguda,1111436638,Patrapali,hsc,5.72,2.32,5.72,7.6076,0.5104,0.11599999999999999,0.16240000000000002,27.839999999999996,5.8,34.8
381106.0,,jharsuguda,1111436729,Kudopali,hsc,8.77,6.5,8.77,11.6641,1.43,0.325,0.45500000000000007,78.0,16.25,97.5
381008.0,,jharsuguda,1111455471,Banjari,hsc,6.78,2.77,6.78,9.0174,0.6094,0.1385,0.19390000000000002,33.24,6.925,41.55
381007.0,,jharsuguda,1111455471,Banjari,hsc,0.0,0.0,0.0,0.0,0.0,0.0,0.0,0.0,0.0,0.0
381039.0,,jharsuguda,1111462469,Ujalapur,hsc,0.0,0.0,0.0,0.0,0.0,0.0,0.0,0.0,0.0,0.0
250450.0,,jharsuguda,1111455687,Belpahar,hsc,0.0,0.0,0.0,0.0,0.0,0.0,0.0,0.0,0.0,0.0
381010.0,,jharsuguda,1111454631,Lakhanpur,hsc,0.0,0.0,0.0,0.0,0.0,0.0,0.0,0.0,0.0,0.0
381023.0,,jharsuguda,1111455380,Bandhabahal,hsc,12.08,5.95,12.08,16.0664,1.309,0.29750000000000004,0.41650000000000004,71.4,14.875,89.25
250451.0,,jharsuguda,1111436810,Brajrajnagar,hsc,0.0,0.0,0.0,0.0,0.0,0.0,0.0,0.0,0.0,0.0
381101.0,,jharsuguda,1111437149,Chandanimal,hsc,14.4,10.33,14.4,19.152,2.2726,0.5165000000000001,0.7231000000000001,123.96000000000001,25.825,154.95
381096.0,,jharsuguda,1111438618,Rajpur,hsc,1.83,1.68,1.83,2.4339000000000004,0.3696,0.084,0.11760000000000001,20.16,4.2,25.2
381094.0,,jharsuguda,1111438618,Rajpur,hsc,4.81,3.4,4.81,6.3972999999999995,0.748,0.17,0.23800000000000002,40.8,8.5,51.0
381097.0,,jharsuguda,1111438618,Rajpur,hsc,1.7,1.56,1.7,2.261,0.3432,0.07800000000000001,0.10920000000000002,18.72,3.9000000000000004,23.400000000000002
381093.0,,jharsuguda,1111438618,Rajpur,hsc,0.0,0.0,0.0,0.0,0.0,0.0,0.0,0.0,0.0,0.0
381086.0,,jharsuguda,1111437149,Chandanimal,hsc,4.0,1.67,4.0,5.32,0.3674,0.0835,0.1169,20.04,4.175,25.049999999999997
381079.0,,jharsuguda,1111438527,Loisingh,hsc,4.63,2.85,4.63,6.157900000000001,0.627,0.14250000000000002,0.19950000000000004,34.2,7.125,42.75
381075.0,,jharsuguda,1111437321,Gandaghora,hsc,2.42,1.0,2.42,3.2186,0.22,0.05,0.07,12.0,2.5,15.0
381078.0,,jharsuguda,1111438527,Loisingh,hsc,5.57,3.71,5.57,7.408100000000001,0.8162,0.1855,0.25970000000000004,44.519999999999996,9.275,55.65
381076.0,,jharsuguda,1111437321,Gandaghora,hsc,0.0,0.0,0.0,0.0,0.0,0.0,0.0,0.0,0.0,0.0
381092.0,,jharsuguda,1111438618,Rajpur,hsc,8.41,4.9,8.41,11.185300000000002,1.078,0.24500000000000002,0.3430000000000001,58.800000000000004,12.25,73.5
381088.0,,jharsuguda,1111462469,Ujalapur,hsc,2.3,0.96,2.3,3.0589999999999997,0.2112,0.048,0.06720000000000001,11.52,2.4,14.399999999999999
381077.0,,jharsuguda,1111438527,Loisingh,hsc,5.21,3.38,5.21,6.9293000000000005,0.7435999999999999,0.169,0.2366,40.56,8.45,50.699999999999996
381105.0,,jharsuguda,1111436729,Kudopali,hsc,0.96,0.88,0.96,1.2768,0.1936,0.044000000000000004,0.06160000000000001,10.56,2.2,13.2
381140.0,,jharsuguda,1111438162,Hirma,hsc,7.45,3.11,7.45,9.9085,0.6842,0.1555,0.2177,37.32,7.7749999999999995,46.65
381127.0,,jharsuguda,1111436752,Badmal,hsc,8.8,5.3,8.8,11.704000000000002,1.166,0.265,0.371,63.599999999999994,13.25,79.5
381125.0,,jharsuguda,1111437172,Dalki,hsc,14.07,6.67,14.07,18.7131,1.4674,0.3335,0.46690000000000004,80.03999999999999,16.675,100.05
381257.0,,jharsuguda,1111442578,Belmunda,hsc,5.58,2.88,5.58,7.4214,0.6335999999999999,0.144,0.2016,34.56,7.199999999999999,43.199999999999996
381143.0,,jharsuguda,1111441281,Sripura,hsc,26.07,14.95,26.07,34.673100000000005,3.2889999999999997,0.7475,1.0465,179.39999999999998,37.375,224.25
381133.0,,jharsuguda,1111436638,Patrapali,hsc,4.16,1.67,4.16,5.532800000000001,0.3674,0.0835,0.1169,20.04,4.175,25.049999999999997
381256.0,,jharsuguda,1111442578,Belmunda,hsc,8.5,6.02,8.5,11.305,1.3244,0.301,0.4214,72.24,15.049999999999999,90.3
381145.0,,jharsuguda,1111441281,Sripura,hsc,36.02,18.2,36.02,47.906600000000005,4.004,0.91,1.274,218.39999999999998,45.5,273.0
381253.0,,jharsuguda,1111443170,Parmanpur,hsc,0.0,0.0,0.0,0.0,0.0,0.0,0.0,0.0,0.0,0.0
381128.0,,jharsuguda,1111436752,Badmal,hsc,0.0,0.0,0.0,0.0,0.0,0.0,0.0,0.0,0.0,0.0
381238.0,,jharsuguda,1111442248,Chandrapur,hsc,15.45,7.16,15.45,20.5485,1.5752,0.35800000000000004,0.5012000000000001,85.92,17.9,107.4
381081.0,,jharsuguda,1111438527,Loisingh,hsc,4.88,2.65,4.88,6.4904,0.583,0.1325,0.1855,31.799999999999997,6.625,39.75
381240.0,,jharsuguda,1111443170,Parmanpur,hsc,8.61,5.5,8.61,11.4513,1.21,0.275,0.385,66.0,13.75,82.5
381118.0,,jharsuguda,1111438550,Marakuta,hsc,0.67,0.45,0.67,0.8911000000000001,0.099,0.022500000000000003,0.03150000000000001,5.4,1.125,6.75
381122.0,,jharsuguda,1111437172,Dalki,hsc,0.53,0.74,0.53,0.7049000000000001,0.1628,0.037,0.051800000000000006,8.879999999999999,1.85,11.1
381239.0,,jharsuguda,1111442669,Keldamal,hsc,3.4,1.42,3.4,4.522,0.3124,0.071,0.0994,17.04,3.55,21.299999999999997
381132.0,,jharsuguda,1111436810,Brajrajnagar,hsc,7.34,4.48,7.34,9.7622,0.9856000000000001,0.22400000000000003,0.31360000000000005,53.760000000000005,11.200000000000001,67.2
381241.0,,jharsuguda,1111443261,Raghunathpali,hsc,7.14,4.42,7.14,9.4962,0.9724,0.221,0.3094,53.04,11.05,66.3
381130.0,,jharsuguda,1111436752,Badmal,hsc,4.68,2.74,4.68,6.2244,0.6028,0.137,0.19180000000000003,32.88,6.8500000000000005,41.1
381142.0,,jharsuguda,1111438162,Hirma,hsc,17.13,7.91,17.13,22.7829,1.7402,0.3955,0.5537000000000001,94.92,19.775,118.65
381184.0,,jharsuguda,1111442248,Chandrapur,hsc,0.0,0.0,0.0,0.0,0.0,0.0,0.0,0.0,0.0,0.0
381216.0,,jharsuguda,1111441679,Arda,hsc,58.69,26.81,58.69,78.0577,5.8982,1.3405,1.8767,321.71999999999997,67.02499999999999,402.15
381246.0,,jharsuguda,1111441851,Bandhapali,hsc,8.41,3.46,8.41,11.185300000000002,0.7612,0.17300000000000001,0.24220000000000003,41.519999999999996,8.65,51.9
381213.0,,jharsuguda,1111442669,Keldamal,hsc,9.68,3.98,9.68,12.8744,0.8756,0.199,0.2786,47.76,9.95,59.7
381208.0,,jharsuguda,1111441760,Bagdihi,hsc,0.0,0.0,0.0,0.0,0.0,0.0,0.0,0.0,0.0,0.0
381121.0,,jharsuguda,1111437172,Dalki,hsc,0.0,0.0,0.0,0.0,0.0,0.0,0.0,0.0,0.0,0.0
381212.0,,jharsuguda,1111442669,Keldamal,hsc,8.28,3.45,8.28,11.0124,0.759,0.17250000000000001,0.24150000000000005,41.400000000000006,8.625,51.75
381113.0,,jharsuguda,1111437412,H Katapali,hsc,3.55,1.67,3.55,4.7215,0.3674,0.0835,0.1169,20.04,4.175,25.049999999999997
250452.0,,jharsuguda,1111438220,Jamkani,hsc,0.0,0.0,0.0,0.0,0.0,0.0,0.0,0.0,0.0,0.0
381131.0,,jharsuguda,1111438162,Hirma,hsc,0.0,0.0,0.0,0.0,0.0,0.0,0.0,0.0,0.0,0.0
381146.0,,jharsuguda,1111438311,Katikela,hsc,0.0,0.0,0.0,0.0,0.0,0.0,0.0,0.0,0.0,0.0
381177.0,,jharsuguda,1111442180,Bhimjore,hsc,2.0,1.83,2.0,2.66,0.4026,0.09150000000000001,0.12810000000000002,21.96,4.575,27.450000000000003
381124.0,,jharsuguda,1111436752,Badmal,hsc,4.78,3.2,4.78,6.357400000000001,0.7040000000000001,0.16000000000000003,0.22400000000000003,38.400000000000006,8.0,48.0
381251.0,,jharsuguda,1111443261,Raghunathpali,hsc,0.0,0.0,0.0,0.0,0.0,0.0,0.0,0.0,0.0,0.0
381126.0,,jharsuguda,1111437172,Dalki,hsc,12.31,5.93,12.31,16.372300000000003,1.3046,0.2965,0.4151,71.16,14.825,88.94999999999999
381129.0,,jharsuguda,1111436752,Badmal,hsc,6.01,3.71,6.01,7.9933000000000005,0.8162,0.1855,0.25970000000000004,44.519999999999996,9.275,55.65
381119.0,,jharsuguda,1111436810,Brajrajnagar,hsc,3.78,1.76,3.78,5.0274,0.3872,0.08800000000000001,0.12320000000000002,21.12,4.4,26.4
381120.0,,jharsuguda,1111438162,Hirma,hsc,21.89,14.85,21.89,29.1137,3.267,0.7425,1.0395,178.2,37.125,222.75
381082.0,,jharsuguda,1111438527,Loisingh,hsc,0.0,0.0,0.0,0.0,0.0,0.0,0.0,0.0,0.0,0.0
381111.0,,jharsuguda,1111437230,Durlaga,hsc,0.0,0.0,0.0,0.0,0.0,0.0,0.0,0.0,0.0,0.0
381255.0,,jharsuguda,1111443261,Raghunathpali,hsc,6.43,2.94,6.43,8.5519,0.6468,0.147,0.2058,35.28,7.35,44.1
381252.0,,jharsuguda,1111443261,Raghunathpali,hsc,6.07,3.17,6.07,8.0731,0.6974,0.1585,0.22190000000000001,38.04,7.925,47.55
381115.0,,jharsuguda,1111438550,Marakuta,hsc,9.39,7.48,9.39,12.488700000000001,1.6456000000000002,0.37400000000000005,0.5236000000000001,89.76,18.700000000000003,112.2
381245.0,,jharsuguda,1111442669,Keldamal,hsc,19.71,8.18,19.71,26.2143,1.7995999999999999,0.40900000000000003,0.5726,98.16,20.45,122.69999999999999
381182.0,,jharsuguda,1111442180,Bhimjore,hsc,4.57,4.19,4.57,6.078100000000001,0.9218000000000001,0.20950000000000002,0.29330000000000006,50.28,10.475000000000001,62.85000000000001
381181.0,,jharsuguda,1111442180,Bhimjore,hsc,2.63,2.41,2.63,3.4979,0.5302,0.12050000000000001,0.16870000000000002,28.92,6.025,36.150000000000006
381218.0,,jharsuguda,1111441851,Bandhapali,hsc,2.76,1.15,2.76,3.6708,0.253,0.057499999999999996,0.0805,13.799999999999999,2.875,17.25
381214.0,,jharsuguda,1111441851,Bandhapali,hsc,6.81,2.8,6.81,9.0573,0.616,0.13999999999999999,0.196,33.599999999999994,7.0,42.0
381114.0,,jharsuguda,1111437412,H Katapali,hsc,0.0,0.0,0.0,0.0,0.0,0.0,0.0,0.0,0.0,0.0
381215.0,,jharsuguda,1111441851,Bandhapali,hsc,0.0,0.0,0.0,0.0,0.0,0.0,0.0,0.0,0.0,0.0
381254.0,,jharsuguda,1111443170,Parmanpur,hsc,22.64,13.67,22.64,30.111200000000004,3.0074,0.6835,0.9569000000000001,164.04,34.175,205.05
381244.0,,jharsuguda,1111442669,Keldamal,hsc,16.13,6.68,16.13,21.4529,1.4696,0.334,0.4676,80.16,16.7,100.19999999999999
381210.0,,jharsuguda,1111442248,Chandrapur,hsc,0.37,0.15,0.37,0.49210000000000004,0.033,0.0075,0.0105,1.7999999999999998,0.375,2.25
381178.0,,jharsuguda,1111442180,Bhimjore,hsc,0.41,0.37,0.41,0.5453,0.0814,0.0185,0.025900000000000003,4.4399999999999995,0.925,5.55
381180.0,,jharsuguda,1111442180,Bhimjore,hsc,0.68,0.63,0.68,0.9044000000000001,0.1386,0.0315,0.04410000000000001,7.5600000000000005,1.575,9.45
381179.0,,jharsuguda,1111442180,Bhimjore,hsc,1.11,1.02,1.11,1.4763000000000002,0.22440000000000002,0.051000000000000004,0.0714,12.24,2.55,15.3
381144.0,,jharsuguda,1111441281,Sripura,hsc,0.0,0.0,0.0,0.0,0.0,0.0,0.0,0.0,0.0,0.0
381150.0,,jharsuguda,1111442180,Bhimjore,hsc,0.0,0.0,0.0,0.0,0.0,0.0,0.0,0.0,0.0,0.0
381148.0,,jharsuguda,1111442180,Bhimjore,hsc,4.57,4.19,4.57,6.078100000000001,0.9218000000000001,0.20950000000000002,0.29330000000000006,50.28,10.475000000000001,62.85000000000001
381116.0,,jharsuguda,1111438550,Marakuta,hsc,0.0,0.0,0.0,0.0,0.0,0.0,0.0,0.0,0.0,0.0
381248.0,,jharsuguda,1111443261,Raghunathpali,hsc,12.81,5.34,12.81,17.037300000000002,1.1748,0.267,0.3738,64.08,13.35,80.1
381117.0,,jharsuguda,1111438550,Marakuta,hsc,9.58,4.08,9.58,12.7414,0.8976000000000001,0.20400000000000001,0.2856,48.96,10.2,61.2
381234.0,,jharsuguda,1111442271,Kirmira,hsc,7.87,3.23,7.87,10.4671,0.7106,0.1615,0.22610000000000002,38.76,8.075,48.45
381243.0,,jharsuguda,1111442669,Keldamal,hsc,0.0,0.0,0.0,0.0,0.0,0.0,0.0,0.0,0.0,0.0
381185.0,,jharsuguda,1111441646,Kadobahal,hsc,0.3,0.12,0.3,0.399,0.0264,0.006,0.008400000000000001,1.44,0.3,1.7999999999999998
381183.0,,jharsuguda,1111442180,Bhimjore,hsc,4.57,4.19,4.57,6.078100000000001,0.9218000000000001,0.20950000000000002,0.29330000000000006,50.28,10.475000000000001,62.85000000000001
381217.0,,jharsuguda,1111441760,Bagdihi,hsc,5.56,2.32,5.56,7.3948,0.5104,0.11599999999999999,0.16240000000000002,27.839999999999996,5.8,34.8
381112.0,,jharsuguda,1111437230,Durlaga,hsc,6.94,5.58,6.94,9.230200000000002,1.2276,0.279,0.39060000000000006,66.96000000000001,13.95,83.7
381110.0,,jharsuguda,1111442248,Chandrapur,hsc,2.52,1.05,2.52,3.3516000000000004,0.231,0.052500000000000005,0.07350000000000001,12.600000000000001,2.625,15.75
381219.0,,jharsuguda,1111441760,Bagdihi,hsc,4.54,1.89,4.54,6.038200000000001,0.4158,0.0945,0.1323,22.68,4.725,28.349999999999998
381109.0,,jharsuguda,1111437230,Durlaga,hsc,4.9,3.37,4.9,6.517000000000001,0.7414000000000001,0.1685,0.23590000000000003,40.44,8.425,50.550000000000004
381209.0,,jharsuguda,1111441679,Arda,hsc,0.0,0.0,0.0,0.0,0.0,0.0,0.0,0.0,0.0,0.0
381189.0,,jharsuguda,1111441760,Bagdihi,hsc,0.67,0.28,0.67,0.8911000000000001,0.06160000000000001,0.014000000000000002,0.019600000000000003,3.3600000000000003,0.7000000000000001,4.2
381108.0,,jharsuguda,1111437230,Durlaga,hsc,5.43,3.94,5.43,7.2219,0.8668,0.197,0.27580000000000005,47.28,9.85,59.1
381147.0,,jharsuguda,1111437230,Durlaga,hsc,8.31,7.07,8.31,11.0523,1.5554000000000001,0.35350000000000004,0.49490000000000006,84.84,17.675,106.05000000000001
381123.0,,jharsuguda,1111437172,Dalki,hsc,1.2,1.7,1.2,1.596,0.374,0.085,0.11900000000000001,20.4,4.25,25.5
381242.0,,jharsuguda,1111442669,Keldamal,hsc,6.97,2.9,6.97,9.2701,0.638,0.145,0.203,34.8,7.25,43.5
381211.0,,jharsuguda,1111442248,Chandrapur,hsc,15.01,6.86,15.01,19.9633,1.5092,0.343,0.48020000000000007,82.32000000000001,17.150000000000002,102.9
381220.0,,jharsuguda,1111441851,Bandhapali,hsc,6.87,2.86,6.87,9.1371,0.6292,0.143,0.20020000000000002,34.32,7.1499999999999995,42.9
381080.0,,jharsuguda,1111438527,Loisingh,hsc,4.02,2.29,4.02,5.3466,0.5038,0.1145,0.16030000000000003,27.48,5.725,34.35
381186.0,,jharsuguda,1111441646,Kadobahal,hsc,0.5,0.21,0.5,0.665,0.0462,0.0105,0.014700000000000001,2.52,0.525,3.15
381207.0,,jharsuguda,1111441760,Bagdihi,hsc,1.92,0.8,1.92,2.5536,0.17600000000000002,0.04000000000000001,0.05600000000000001,9.600000000000001,2.0,12.0
381247.0,,jharsuguda,1111441851,Bandhapali,hsc,10.31,4.25,10.31,13.7123,0.935,0.21250000000000002,0.29750000000000004,51.0,10.625,63.75
381187.0,,jharsuguda,1111441646,Kadobahal,hsc,1.43,0.59,1.43,1.9019,0.1298,0.0295,0.0413,7.08,1.4749999999999999,8.85
381141.0,,jharsuguda,1111438162,Hirma,hsc,6.32,2.52,6.32,8.405600000000002,0.5544,0.126,0.17640000000000003,30.240000000000002,6.3,37.8
381138.0,,jharsuguda,1111438162,Hirma,hsc,6.58,2.74,6.58,8.7514,0.6028,0.137,0.19180000000000003,32.88,6.8500000000000005,41.1
381139.0,,jharsuguda,1111436638,Patrapali,hsc,39.88,22.98,39.88,53.040400000000005,5.0556,1.149,1.6086000000000003,275.76,57.45,344.7
381188.0,,jharsuguda,1111441646,Kadobahal,hsc,0.0,0.0,0.0,0.0,0.0,0.0,0.0,0.0,0.0,0.0
381277.0,,jharsuguda,1111442578,Belmunda,hsc,7.31,6.8,7.31,9.7223,1.496,0.34,0.47600000000000003,81.6,17.0,102.0
381278.0,,jharsuguda,1111443329,Sodamal,hsc,7.25,3.02,7.25,9.6425,0.6644,0.15100000000000002,0.21140000000000003,36.24,7.55,45.3
381276.0,,jharsuguda,1111442578,Belmunda,hsc,4.2,3.78,4.2,5.586,0.8316,0.189,0.2646,45.36,9.45,56.699999999999996
381280.0,,jharsuguda,1111443329,Sodamal,hsc,15.63,7.66,15.63,20.7879,1.6852,0.383,0.5362,91.92,19.15,114.9
381279.0,,jharsuguda,1111443329,Sodamal,hsc,12.52,5.17,12.52,16.651600000000002,1.1374,0.2585,0.36190000000000005,62.04,12.925,77.55
381259.0,,jharsuguda,1111442578,Belmunda,hsc,6.75,3.41,6.75,8.977500000000001,0.7502000000000001,0.1705,0.23870000000000002,40.92,8.525,51.150000000000006
381260.0,,jharsuguda,1111443329,Sodamal,hsc,5.83,2.42,5.83,7.753900000000001,0.5324,0.121,0.16940000000000002,29.04,6.05,36.3
381266.0,,jharsuguda,1111443329,Sodamal,hsc,1.75,0.73,1.75,2.3275,0.1606,0.0365,0.051100000000000007,8.76,1.825,10.95
381261.0,,jharsuguda,1111443329,Sodamal,hsc,6.07,3.63,6.07,8.0731,0.7986,0.1815,0.2541,43.56,9.075,54.449999999999996
381258.0,,jharsuguda,1111442578,Belmunda,hsc,0.0,0.0,0.0,0.0,0.0,0.0,0.0,0.0,0.0,0.0
381269.0,,jharsuguda,1111443329,Sodamal,hsc,7.53,3.28,7.53,10.0149,0.7215999999999999,0.164,0.2296,39.36,8.2,49.199999999999996
381171.0,,jharsuguda,1111453583,Khuntamal,hsc,0.0,0.0,0.0,0.0,0.0,0.0,0.0,0.0,0.0,0.0
381168.0,,jharsuguda,1111453856,Pakelpada,hsc,0.0,0.0,0.0,0.0,0.0,0.0,0.0,0.0,0.0,0.0
381222.0,,jharsuguda,1111453641,Laikera,hsc,0.0,0.0,0.0,0.0,0.0,0.0,0.0,0.0,0.0,0.0
381274.0,,jharsuguda,1111443238,Pokharasal,hsc,2.79,3.93,2.79,3.7107,0.8646,0.1965,0.2751,47.160000000000004,9.825000000000001,58.95
381265.0,,jharsuguda,1111443329,Sodamal,hsc,5.29,3.35,5.29,7.0357,0.737,0.1675,0.23450000000000004,40.2,8.375,50.25
381237.0,,jharsuguda,1111443238,Pokharasal,hsc,0.0,0.0,0.0,0.0,0.0,0.0,0.0,0.0,0.0,0.0
381270.0,,jharsuguda,1111443238,Pokharasal,hsc,4.08,3.32,4.08,5.4264,0.7303999999999999,0.166,0.23240000000000002,39.839999999999996,8.299999999999999,49.8
381271.0,,jharsuguda,1111443238,Pokharasal,hsc,5.94,4.1,5.94,7.900200000000001,0.9019999999999999,0.205,0.287,49.199999999999996,10.25,61.49999999999999
381192.0,,jharsuguda,1111441760,Bagdihi,hsc,37.42,19.18,37.42,49.768600000000006,4.2196,0.9590000000000001,1.3426,230.16,47.95,287.7
381174.0,,jharsuguda,1111453732,Mundrajore,hsc,13.52,5.62,13.52,17.9816,1.2364,0.281,0.3934,67.44,14.05,84.3
381191.0,,jharsuguda,1111441760,Bagdihi,hsc,38.6,20.26,38.6,51.33800000000001,4.4572,1.0130000000000001,1.4182000000000003,243.12,50.650000000000006,303.90000000000003
381173.0,,jharsuguda,1111453732,Mundrajore,hsc,13.52,5.62,13.52,17.9816,1.2364,0.281,0.3934,67.44,14.05,84.3
381231.0,,jharsuguda,1111442636,Jhirlapali,hsc,3.44,3.15,3.44,4.575200000000001,0.693,0.1575,0.2205,37.8,7.875,47.25
381176.0,,jharsuguda,1111442180,Bhimjore,hsc,4.49,4.11,4.49,5.9717,0.9042000000000001,0.20550000000000002,0.28770000000000007,49.32000000000001,10.275,61.650000000000006
381262.0,,jharsuguda,1111442818,Kolabira,hsc,3.88,4.74,3.88,5.1604,1.0428,0.23700000000000002,0.33180000000000004,56.88,11.850000000000001,71.10000000000001
381227.0,,jharsuguda,1111443238,Pokharasal,hsc,11.06,6.18,11.06,14.709800000000001,1.3596,0.309,0.43260000000000004,74.16,15.45,92.69999999999999
381235.0,,jharsuguda,1111442636,Jhirlapali,hsc,0.0,0.0,0.0,0.0,0.0,0.0,0.0,0.0,0.0,0.0
381228.0,,jharsuguda,1111443238,Pokharasal,hsc,5.94,4.1,5.94,7.900200000000001,0.9019999999999999,0.205,0.287,49.199999999999996,10.25,61.49999999999999
381226.0,,jharsuguda,1111453583,Khuntamal,hsc,0.73,0.49,0.73,0.9709,0.10779999999999999,0.0245,0.034300000000000004,5.88,1.225,7.35
381225.0,,jharsuguda,1111453732,Mundrajore,hsc,1.77,0.74,1.77,2.3541000000000003,0.1628,0.037,0.051800000000000006,8.879999999999999,1.85,11.1
381273.0,,jharsuguda,1111443238,Pokharasal,hsc,3.33,4.7,3.33,4.4289000000000005,1.034,0.23500000000000001,0.32900000000000007,56.400000000000006,11.75,70.5
381175.0,,jharsuguda,1111453732,Mundrajore,hsc,13.52,5.62,13.52,17.9816,1.2364,0.281,0.3934,67.44,14.05,84.3
381152.0,,jharsuguda,1111453377,Babuchipidihi,hsc,6.3,6.83,6.3,8.379,1.5026,0.3415,0.4781,81.96000000000001,17.075,102.45
381249.0,,jharsuguda,1111443261,Raghunathpali,hsc,8.29,3.45,8.29,11.025699999999999,0.759,0.17250000000000001,0.24150000000000005,41.400000000000006,8.625,51.75
381263.0,,jharsuguda,1111442818,Kolabira,hsc,2.65,3.41,2.65,3.5245,0.7502000000000001,0.1705,0.23870000000000002,40.92,8.525,51.150000000000006
381205.0,,jharsuguda,1111453641,Laikera,hsc,3.83,3.5,3.83,5.0939000000000005,0.77,0.17500000000000002,0.24500000000000002,42.0,8.75,52.5
381169.0,,jharsuguda,1111453856,Pakelpada,hsc,0.03,0.03,0.03,0.0399,0.0066,0.0015,0.0021000000000000003,0.36,0.075,0.44999999999999996
381153.0,,jharsuguda,1111453377,Babuchipidihi,hsc,6.06,6.57,6.06,8.0598,1.4454,0.3285,0.4599000000000001,78.84,16.425,98.55000000000001
381229.0,,jharsuguda,1111453732,Mundrajore,hsc,0.0,0.0,0.0,0.0,0.0,0.0,0.0,0.0,0.0,0.0
381154.0,,jharsuguda,1111453377,Babuchipidihi,hsc,5.91,6.4,5.91,7.8603000000000005,1.4080000000000001,0.32000000000000006,0.44800000000000006,76.80000000000001,16.0,96.0
381264.0,,jharsuguda,1111443238,Pokharasal,hsc,3.47,3.85,3.47,4.615100000000001,0.847,0.1925,0.2695,46.2,9.625,57.75
381195.0,,jharsuguda,1111453732,Mundrajore,hsc,13.52,5.62,13.52,17.9816,1.2364,0.281,0.3934,67.44,14.05,84.3
381272.0,,jharsuguda,1111443238,Pokharasal,hsc,13.42,11.37,13.42,17.8486,2.5014,0.5685,0.7959,136.44,28.424999999999997,170.54999999999998
381250.0,,jharsuguda,1111442818,Kolabira,hsc,0.0,0.0,0.0,0.0,0.0,0.0,0.0,0.0,0.0,0.0
381197.0,,jharsuguda,1111453583,Khuntamal,hsc,0.0,0.0,0.0,0.0,0.0,0.0,0.0,0.0,0.0,0.0
381275.0,,jharsuguda,1111443329,Sodamal,hsc,29.73,16.22,29.73,39.5409,3.5683999999999996,0.8109999999999999,1.1354,194.64,40.55,243.29999999999998
381170.0,,jharsuguda,1111453583,Khuntamal,hsc,0.0,0.0,0.0,0.0,0.0,0.0,0.0,0.0,0.0,0.0
381151.0,,jharsuguda,1111442180,Bhimjore,hsc,2.63,2.41,2.63,3.4979,0.5302,0.12050000000000001,0.16870000000000002,28.92,6.025,36.150000000000006
381155.0,,jharsuguda,1111453377,Babuchipidihi,hsc,4.14,4.48,4.14,5.5062,0.9856000000000001,0.22400000000000003,0.31360000000000005,53.760000000000005,11.200000000000001,67.2
381236.0,,jharsuguda,1111442636,Jhirlapali,hsc,0.47,0.43,0.47,0.6251,0.0946,0.021500000000000002,0.030100000000000002,5.16,1.075,6.45
381233.0,,jharsuguda,1111442271,Kirmira,hsc,7.65,3.14,7.65,10.174500000000002,0.6908000000000001,0.15700000000000003,0.21980000000000002,37.68,7.8500000000000005,47.1
381232.0,,jharsuguda,1111443261,Raghunathpali,hsc,8.8,3.67,8.8,11.704000000000002,0.8074,0.1835,0.2569,44.04,9.175,55.05
381230.0,,jharsuguda,1111442636,Jhirlapali,hsc,2.12,1.94,2.12,2.8196000000000003,0.4268,0.097,0.1358,23.28,4.85,29.099999999999998
381221.0,,jharsuguda,1111442271,Kirmira,hsc,0.0,0.0,0.0,0.0,0.0,0.0,0.0,0.0,0.0,0.0
381223.0,,jharsuguda,1111453641,Laikera,hsc,0.63,0.58,0.63,0.8379000000000001,0.1276,0.028999999999999998,0.040600000000000004,6.959999999999999,1.45,8.7
381224.0,,jharsuguda,1111453732,Mundrajore,hsc,0.0,0.0,0.0,0.0,0.0,0.0,0.0,0.0,0.0,0.0
381202.0,,jharsuguda,1111453732,Mundrajore,hsc,1.95,0.81,1.95,2.5935,0.17820000000000003,0.04050000000000001,0.05670000000000001,9.72,2.0250000000000004,12.15
381203.0,,jharsuguda,1111453732,Mundrajore,hsc,1.53,0.64,1.53,2.0349,0.1408,0.032,0.044800000000000006,7.68,1.6,9.6
381204.0,,jharsuguda,1111453732,Mundrajore,hsc,5.29,2.2,5.29,7.0357,0.48400000000000004,0.11000000000000001,0.15400000000000003,26.400000000000002,5.5,33.0
381200.0,,jharsuguda,1111453583,Khuntamal,hsc,0.89,0.59,0.89,1.1837,0.1298,0.0295,0.0413,7.08,1.4749999999999999,8.85
381201.0,,jharsuguda,1111453583,Khuntamal,hsc,0.0,0.0,0.0,0.0,0.0,0.0,0.0,0.0,0.0,0.0
381206.0,,jharsuguda,1111453641,Laikera,hsc,4.25,3.88,4.25,5.6525,0.8536,0.194,0.2716,46.56,9.7,58.199999999999996
381193.0,,jharsuguda,1111453732,Mundrajore,hsc,11.26,4.68,11.26,14.975800000000001,1.0295999999999998,0.23399999999999999,0.3276,56.16,11.7,70.19999999999999
381196.0,,jharsuguda,1111453732,Mundrajore,hsc,1.95,0.81,1.95,2.5935,0.17820000000000003,0.04050000000000001,0.05670000000000001,9.72,2.0250000000000004,12.15
381190.0,,jharsuguda,1111441760,Bagdihi,hsc,38.38,20.07,38.38,51.04540000000001,4.4154,1.0035,1.4049000000000003,240.84,50.175,301.05
381199.0,,jharsuguda,1111453583,Khuntamal,hsc,2.47,1.65,2.47,3.2851000000000004,0.363,0.0825,0.1155,19.799999999999997,4.125,24.75
381194.0,,jharsuguda,1111453732,Mundrajore,hsc,13.52,5.62,13.52,17.9816,1.2364,0.281,0.3934,67.44,14.05,84.3
381198.0,,jharsuguda,1111453583,Khuntamal,hsc,0.0,0.0,0.0,0.0,0.0,0.0,0.0,0.0,0.0,0.0
381172.0,,jharsuguda,1111453377,Babuchipidihi,hsc,0.02,0.03,0.02,0.026600000000000002,0.0066,0.0015,0.0021000000000000003,0.36,0.075,0.44999999999999996
381167.0,,jharsuguda,1111453856,Pakelpada,hsc,0.0,0.0,0.0,0.0,0.0,0.0,0.0,0.0,0.0,0.0
381268.0,,jharsuguda,1111443329,Sodamal,hsc,29.73,16.22,29.73,39.5409,3.5683999999999996,0.8109999999999999,1.1354,194.64,40.55,243.29999999999998
381267.0,,jharsuguda,1111443329,Sodamal,hsc,0.0,0.0,0.0,0.0,0.0,0.0,0.0,0.0,0.0,0.0
381149.0,,jharsuguda,1111442180,Bhimjore,hsc,3.67,3.36,3.67,4.8811,0.7392,0.168,0.23520000000000002,40.32,8.4,50.4
381161.0,,jharsuguda,1111454185,Tileimal,hsc,0.37,0.4,0.37,0.49210000000000004,0.08800000000000001,0.020000000000000004,0.028000000000000004,4.800000000000001,1.0,6.0
381162.0,,jharsuguda,1111454185,Tileimal,hsc,0.84,0.91,0.84,1.1172,0.20020000000000002,0.045500000000000006,0.0637,10.92,2.275,13.65
381166.0,,jharsuguda,1111453856,Pakelpada,hsc,3.66,3.97,3.66,4.867800000000001,0.8734000000000001,0.1985,0.27790000000000004,47.64,9.925,59.550000000000004
381158.0,,jharsuguda,1111454185,Tileimal,hsc,0.04,0.04,0.04,0.053200000000000004,0.0088,0.002,0.0028000000000000004,0.48,0.1,0.6
381165.0,,jharsuguda,1111454185,Tileimal,hsc,0.0,0.0,0.0,0.0,0.0,0.0,0.0,0.0,0.0,0.0
381156.0,,jharsuguda,1111453377,Babuchipidihi,hsc,0.0,0.0,0.0,0.0,0.0,0.0,0.0,0.0,0.0,0.0
381157.0,,jharsuguda,1111453377,Babuchipidihi,hsc,0.02,0.03,0.02,0.026600000000000002,0.0066,0.0015,0.0021000000000000003,0.36,0.075,0.44999999999999996
381164.0,,jharsuguda,1111454185,Tileimal,hsc,1.37,1.48,1.37,1.8221000000000003,0.3256,0.074,0.10360000000000001,17.759999999999998,3.7,22.2
381159.0,,jharsuguda,1111454185,Tileimal,hsc,0.71,0.77,0.71,0.9443,0.1694,0.038500000000000006,0.0539,9.24,1.925,11.55
381160.0,,jharsuguda,1111454185,Tileimal,hsc,1.73,1.88,1.73,2.3009,0.41359999999999997,0.094,0.1316,22.56,4.699999999999999,28.2
381163.0,,jharsuguda,1111454185,Tileimal,hsc,4.07,4.41,4.07,5.413100000000001,0.9702000000000001,0.22050000000000003,0.30870000000000003,52.92,11.025,66.15
