village_id,facility_nin,facility_name,travel_time_min,distance_km
360_396839.0,2128517154,Palasudha,0.0,0.0
360_396846.0,2128517154,Palasudha,0.0,0.0
360_396835.0,2128517154,Palasudha,0.0,0.0
360_396844.0,2128517154,Palasudha,0.0,0.0
360_396833.0,2128517154,Palasudha,0.0,0.0
360_396834.0,2128517154,Palasudha,0.0,0.0
360_396838.0,2128517154,Palasudha,0.0,0.0
360_396843.0,2128517154,Palasudha,0.0,0.0
360_396836.0,2128517154,Palasudha,0.0,0.0
360_396840.0,2128517154,Palasudha,0.0,0.0
360_396847.0,2128517154,Palasudha,0.0,0.0
360_396841.0,2128517154,Palasudha,0.0,0.0
360_396837.0,2128517154,Palasudha,0.0,0.0
360_396842.0,2128517154,Palasudha,0.0,0.0
360_396867.0,6544872457,Naladia,0.0,0.0
360_396864.0,6544872457,Naladia,0.0,0.0
360_396866.0,6544872457,Naladia,0.0,0.0
360_396859.0,6544872457,Naladia,0.0,0.0
360_396869.0,6544872457,Naladia,0.0,0.0
360_396862.0,6544872457,Naladia,0.0,0.0
360_396863.0,6544872457,Naladia,0.0,0.0
360_396852.0,6544872457,Naladia,0.0,0.0
360_396851.0,6544872457,Naladia,0.0,0.0
360_396845.0,6544872457,Naladia,168.76,14.06
360_396855.0,6544872457,Naladia,0.0,0.0
360_396848.0,6544872457,Naladia,168.76,14.06
360_396865.0,6544872457,Naladia,0.0,0.0
360_396868.0,6544872457,Naladia,0.0,0.0
360_396860.0,6544872457,Naladia,0.0,0.0
360_396857.0,6544872457,Naladia,168.76,14.06
360_396861.0,6544872457,Naladia,0.0,0.0
360_396850.0,6544872457,Naladia,168.76,14.06
360_396849.0,6544872457,Naladia,168.76,14.06
360_396854.0,6544872457,Naladia,0.0,0.0
360_396856.0,6544872457,Naladia,0.0,0.0
360_396858.0,6544872457,Naladia,0.0,0.0
360_396749.0,6544872457,Naladia,0.0,0.0
360_396821.0,6544872457,Naladia,0.0,0.0
360_396827.0,2128517154,Palasudha,0.0,0.0
360_396825.0,6544872457,Naladia,0.0,0.0
360_396752.0,6544872457,Naladia,0.0,0.0
360_396751.0,6544872457,Naladia,0.0,0.0
360_396746.0,6544872457,Naladia,0.0,0.0
360_396750.0,6544872457,Naladia,0.0,0.0
360_396830.0,2128517154,Palasudha,0.0,0.0
360_396747.0,2128517154,Palasudha,0.0,0.0
360_396831.0,2128517154,Palasudha,0.0,0.0
360_396742.0,6544872457,Naladia,0.0,0.0
360_396832.0,2128517154,Palasudha,0.0,0.0
360_396743.0,6544872457,Naladia,0.0,0.0
360_396828.0,2128517154,Palasudha,0.0,0.0
360_396824.0,6544872457,Naladia,0.0,0.0
360_396826.0,6544872457,Naladia,0.0,0.0
360_396820.0,6544872457,Naladia,0.0,0.0
360_396829.0,2128517154,Palasudha,0.0,0.0
360_396819.0,6544872457,Naladia,0.0,0.0
360_396748.0,6544872457,Naladia,0.0,0.0
360_396745.0,6544872457,Naladia,0.0,0.0
360_396741.0,6544872457,Naladia,0.0,0.0
360_396465.0,6544872457,Naladia,0.0,0.0
360_396464.0,6544872457,Naladia,0.0,0.0
360_396457.0,5142512572,K.Belarapa,0.0,0.0
360_396467.0,6544872457,Naladia,0.0,0.0
360_396450.0,6544872457,Naladia,0.0,0.0
360_396444.0,5142512572,K.Belarapa,0.0,0.0
360_396452.0,6544872457,Naladia,0.0,0.0
360_396454.0,6544872457,Naladia,0.0,0.0
360_396446.0,5142512572,K.Belarapa,0.0,0.0
360_396445.0,5142512572,K.Belarapa,0.0,0.0
360_396468.0,6544872457,Naladia,0.0,0.0
360_396455.0,5142512572,K.Belarapa,0.0,0.0
360_396456.0,5142512572,K.Belarapa,0.0,0.0
360_396744.0,6544872457,Naladia,0.0,0.0
360_396463.0,6544872457,Naladia,0.0,0.0
360_396466.0,6544872457,Naladia,0.0,0.0
360_396447.0,5142512572,K.Belarapa,0.0,0.0
360_396448.0,5142512572,K.Belarapa,0.0,0.0
360_396453.0,5142512572,K.Belarapa,0.0,0.0
360_396458.0,5142512572,K.Belarapa,0.0,0.0
360_396443.0,5142512572,K.Belarapa,0.0,0.0
360_396438.0,5142512572,K.Belarapa,0.0,0.0
360_396459.0,6544872457,Naladia,0.0,0.0
360_396441.0,5142512572,K.Belarapa,0.0,0.0
360_396442.0,5142512572,K.Belarapa,0.0,0.0
360_396449.0,5142512572,K.Belarapa,0.0,0.0
360_396451.0,6544872457,Naladia,0.0,0.0
360_396774.0,6544872457,Naladia,0.0,0.0
360_396753.0,6544872457,Naladia,0.0,0.0
360_396766.0,6544872457,Naladia,0.0,0.0
360_396779.0,6544872457,Naladia,0.0,0.0
360_396493.0,6544872457,Naladia,0.0,0.0
360_396494.0,6544872457,Naladia,0.0,0.0
360_396731.0,6544872457,Naladia,0.0,0.0
360_396773.0,6544872457,Naladia,0.0,0.0
360_396500.0,6544872457,Naladia,0.0,0.0
360_396712.0,6544872457,Naladia,0.0,0.0
360_396462.0,6544872457,Naladia,0.0,0.0
360_396814.0,6544872457,Naladia,0.0,0.0
360_396477.0,6544872457,Naladia,0.0,0.0
360_396795.0,6544872457,Naladia,0.0,0.0
360_396805.0,6544872457,Naladia,0.0,0.0
360_396815.0,6544872457,Naladia,0.0,0.0
360_396722.0,6544872457,Naladia,0.0,0.0
360_396776.0,6544872457,Naladia,0.0,0.0
360_396734.0,6544872457,Naladia,0.0,0.0
360_396804.0,6544872457,Naladia,0.0,0.0
360_396728.0,6544872457,Naladia,0.0,0.0
360_396822.0,6544872457,Naladia,0.0,0.0
360_396853.0,6544872457,Naladia,0.0,0.0
360_396803.0,6544872457,Naladia,0.0,0.0
360_396764.0,6544872457,Naladia,0.0,0.0
360_396763.0,6544872457,Naladia,0.0,0.0
360_396727.0,6544872457,Naladia,0.0,0.0
360_396710.0,6544872457,Naladia,0.0,0.0
360_396704.0,6544872457,Naladia,0.0,0.0
360_396703.0,6544872457,Naladia,0.0,0.0
360_396715.0,6544872457,Naladia,0.0,0.0
360_396479.0,6544872457,Naladia,0.0,0.0
360_396736.0,6544872457,Naladia,0.0,0.0
360_396702.0,6544872457,Naladia,0.0,0.0
360_396491.0,6544872457,Naladia,0.0,0.0
360_396769.0,6544872457,Naladia,0.0,0.0
360_396472.0,6544872457,Naladia,0.0,0.0
360_396817.0,6544872457,Naladia,0.0,0.0
360_396755.0,6544872457,Naladia,0.0,0.0
360_396759.0,6544872457,Naladia,0.0,0.0
360_396823.0,6544872457,Naladia,0.0,0.0
360_396471.0,6544872457,Naladia,0.0,0.0
360_396709.0,6544872457,Naladia,0.0,0.0
360_396810.0,6544872457,Naladia,0.0,0.0
360_396807.0,6544872457,Naladia,0.0,0.0
360_396812.0,6544872457,Naladia,0.0,0.0
360_396818.0,6544872457,Naladia,0.0,0.0
360_396802.0,6544872457,Naladia,0.0,0.0
360_396796.0,6544872457,Naladia,0.0,0.0
360_396813.0,6544872457,Naladia,0.0,0.0
360_396809.0,6544872457,Naladia,0.0,0.0
360_396811.0,6544872457,Naladia,0.0,0.0
360_396798.0,6544872457,Naladia,0.0,0.0
360_396800.0,6544872457,Naladia,0.0,0.0
360_396806.0,6544872457,Naladia,0.0,0.0
360_396808.0,6544872457,Naladia,0.0,0.0
360_396484.0,6544872457,Naladia,0.0,0.0
360_396495.0,6544872457,Naladia,0.0,0.0
360_396701.0,6544872457,Naladia,0.0,0.0
360_396708.0,6544872457,Naladia,0.0,0.0
360_396816.0,6544872457,Naladia,0.0,0.0
360_396770.0,6544872457,Naladia,0.0,0.0
360_396756.0,6544872457,Naladia,0.0,0.0
360_396772.0,6544872457,Naladia,0.0,0.0
360_396483.0,6544872457,Naladia,0.0,0.0
360_396801.0,6544872457,Naladia,0.0,0.0
360_396765.0,6544872457,Naladia,0.0,0.0
360_396738.0,6544872457,Naladia,0.0,0.0
360_396729.0,6544872457,Naladia,0.0,0.0
360_396740.0,6544872457,Naladia,0.0,0.0
360_396726.0,6544872457,Naladia,0.0,0.0
360_396705.0,6544872457,Naladia,0.0,0.0
360_396762.0,6544872457,Naladia,0.0,0.0
360_396739.0,6544872457,Naladia,0.0,0.0
360_396733.0,6544872457,Naladia,0.0,0.0
360_396469.0,6544872457,Naladia,0.0,0.0
360_396501.0,6544872457,Naladia,0.0,0.0
360_396735.0,6544872457,Naladia,0.0,0.0
360_396754.0,6544872457,Naladia,0.0,0.0
360_396777.0,6544872457,Naladia,0.0,0.0
360_396732.0,6544872457,Naladia,0.0,0.0
360_396714.0,6544872457,Naladia,0.0,0.0
360_396778.0,6544872457,Naladia,0.0,0.0
360_396771.0,6544872457,Naladia,0.0,0.0
360_396775.0,6544872457,Naladia,0.0,0.0
360_396768.0,6544872457,Naladia,0.0,0.0
360_396780.0,6544872457,Naladia,0.0,0.0
360_396725.0,6544872457,Naladia,0.0,0.0
360_396470.0,6544872457,Naladia,0.0,0.0
360_396737.0,6544872457,Naladia,0.0,0.0
360_396723.0,6544872457,Naladia,0.0,0.0
360_396730.0,6544872457,Naladia,0.0,0.0
360_396724.0,6544872457,Naladia,0.0,0.0
360_396707.0,6544872457,Naladia,0.0,0.0
360_396706.0,6544872457,Naladia,0.0,0.0
360_396713.0,6544872457,Naladia,0.0,0.0
360_396485.0,6544872457,Naladia,0.0,0.0
360_396473.0,6544872457,Naladia,0.0,0.0
360_396478.0,6544872457,Naladia,0.0,0.0
360_396480.0,6544872457,Naladia,0.0,0.0
360_396492.0,6544872457,Naladia,0.0,0.0
360_396508.0,6544872457,Naladia,0.0,0.0
360_396489.0,6544872457,Naladia,0.0,0.0
360_396482.0,6544872457,Naladia,0.0,0.0
360_396711.0,6544872457,Naladia,0.0,0.0
360_396498.0,6544872457,Naladia,0.0,0.0
360_396499.0,6544872457,Naladia,0.0,0.0
360_396481.0,6544872457,Naladia,0.0,0.0
360_396461.0,6544872457,Naladia,0.0,0.0
360_396488.0,6544872457,Naladia,0.0,0.0
360_396460.0,6544872457,Naladia,0.0,0.0
360_396797.0,6544872457,Naladia,0.0,0.0
360_396757.0,6544872457,Naladia,0.0,0.0
360_396799.0,6544872457,Naladia,0.0,0.0
360_396496.0,6544872457,Naladia,0.0,0.0
360_396509.0,6544872457,Naladia,0.0,0.0
360_396487.0,6544872457,Naladia,0.0,0.0
360_396435.0,6544872457,Naladia,0.0,0.0
360_396497.0,6544872457,Naladia,0.0,0.0
360_396507.0,6544872457,Naladia,0.0,0.0
360_396486.0,6544872457,Naladia,0.0,0.0
360_396436.0,6544872457,Naladia,0.0,0.0
360_396758.0,6544872457,Naladia,0.0,0.0
360_396781.0,6544872457,Naladia,0.0,0.0
360_396767.0,6544872457,Naladia,0.0,0.0
360_396490.0,6544872457,Naladia,0.0,0.0
360_396474.0,6544872457,Naladia,0.0,0.0
360_396476.0,6544872457,Naladia,0.0,0.0
360_396475.0,6544872457,Naladia,0.0,0.0
360_396760.0,6544872457,Naladia,0.0,0.0
360_396761.0,6544872457,Naladia,0.0,0.0
360_396700.0,5142512572,K.Belarapa,0.0,0.0
360_396632.0,5142512572,K.Belarapa,0.0,0.0
360_396645.0,4751488539,Balisahi,0.0,0.0
360_396643.0,4751488539,Balisahi,0.0,0.0
360_396639.0,4751488539,Balisahi,0.0,0.0
360_396694.0,4751488539,Balisahi,0.0,0.0
360_396690.0,4751488539,Balisahi,0.0,0.0
360_396620.0,4751488539,Balisahi,0.0,0.0
360_396622.0,4751488539,Balisahi,0.0,0.0
360_396630.0,4751488539,Balisahi,0.0,0.0
360_396693.0,4751488539,Balisahi,0.0,0.0
360_396635.0,5142512572,K.Belarapa,0.0,0.0
360_396692.0,4751488539,Balisahi,0.0,0.0
360_396627.0,4751488539,Balisahi,0.0,0.0
360_396644.0,4751488539,Balisahi,0.0,0.0
360_396636.0,4751488539,Balisahi,0.0,0.0
360_396638.0,4751488539,Balisahi,0.0,0.0
360_396642.0,4751488539,Balisahi,0.0,0.0
360_396699.0,4751488539,Balisahi,0.0,0.0
360_396698.0,5142512572,K.Belarapa,0.0,0.0
360_396440.0,5142512572,K.Belarapa,0.0,0.0
360_396646.0,4751488539,Balisahi,0.0,0.0
360_396637.0,4751488539,Balisahi,0.0,0.0
360_396626.0,4751488539,Balisahi,0.0,0.0
360_396625.0,4751488539,Balisahi,0.0,0.0
360_396650.0,4751488539,Balisahi,0.0,0.0
360_396648.0,4751488539,Balisahi,0.0,0.0
360_396634.0,4751488539,Balisahi,0.0,0.0
360_396437.0,5142512572,K.Belarapa,0.0,0.0
360_396439.0,5142512572,K.Belarapa,0.0,0.0
360_396633.0,5142512572,K.Belarapa,0.0,0.0
360_396631.0,4751488539,Balisahi,0.0,0.0
360_396641.0,4751488539,Balisahi,0.0,0.0
360_396640.0,4751488539,Balisahi,0.0,0.0
360_396649.0,4751488539,Balisahi,0.0,0.0
360_396628.0,4751488539,Balisahi,0.0,0.0
360_396623.0,4751488539,Balisahi,0.0,0.0
360_396624.0,4751488539,Balisahi,0.0,0.0
360_396629.0,4751488539,Balisahi,0.0,0.0
360_396647.0,4751488539,Balisahi,0.0,0.0
360_396621.0,4751488539,Balisahi,0.0,0.0
360_396369.0,4177668243,Bhatapada,0.0,0.0
360_396656.0,4751488539,Balisahi,0.0,0.0
360_396609.0,4177668243,Bhatapada,0.0,0.0
360_396613.0,4751488539,Balisahi,0.0,0.0
360_396682.0,6544872457,Naladia,0.0,0.0
360_396415.0,6544872457,Naladia,0.0,0.0
360_396684.0,4751488539,Balisahi,0.0,0.0
360_396697.0,6544872457,Naladia,0.0,0.0
360_396376.0,4177668243,Bhatapada,0.0,0.0
360_396608.0,4177668243,Bhatapada,0.0,0.0
360_396660.0,4751488539,Balisahi,0.0,0.0
360_396430.0,6544872457,Naladia,0.0,0.0
360_396413.0,4177668243,Bhatapada,0.0,0.0
360_396617.0,4751488539,Balisahi,0.0,0.0
360_396594.0,4177668243,Bhatapada,0.0,0.0
360_396583.0,4177668243,Bhatapada,0.0,0.0
360_396592.0,4177668243,Bhatapada,0.0,0.0
360_396418.0,6544872457,Naladia,0.0,0.0
360_396417.0,6544872457,Naladia,0.0,0.0
360_396669.0,4751488539,Balisahi,0.0,0.0
360_396590.0,4751488539,Balisahi,0.0,0.0
360_396665.0,4751488539,Balisahi,0.0,0.0
360_396673.0,4177668243,Bhatapada,0.0,0.0
360_396371.0,4177668243,Bhatapada,0.0,0.0
360_396432.0,6544872457,Naladia,0.0,0.0
360_396420.0,6544872457,Naladia,0.0,0.0
360_396616.0,4751488539,Balisahi,0.0,0.0
360_396618.0,4751488539,Balisahi,0.0,0.0
360_396612.0,4751488539,Balisahi,0.0,0.0
360_396655.0,4751488539,Balisahi,0.0,0.0
360_396428.0,6544872457,Naladia,0.0,0.0
360_396607.0,4751488539,Balisahi,0.0,0.0
360_396661.0,4751488539,Balisahi,0.0,0.0
360_396414.0,4177668243,Bhatapada,0.0,0.0
360_396664.0,4751488539,Balisahi,0.0,0.0
360_396662.0,4751488539,Balisahi,0.0,0.0
360_396588.0,4751488539,Balisahi,0.0,0.0
360_396578.0,4177668243,Bhatapada,0.0,0.0
360_396409.0,4177668243,Bhatapada,0.0,0.0
360_396367.0,4177668243,Bhatapada,0.0,0.0
360_396657.0,4751488539,Balisahi,0.0,0.0
360_396584.0,4177668243,Bhatapada,0.0,0.0
360_396416.0,6544872457,Naladia,0.0,0.0
360_396426.0,6544872457,Naladia,0.0,0.0
360_396659.0,4751488539,Balisahi,0.0,0.0
360_396377.0,4177668243,Bhatapada,0.0,0.0
360_396560.0,4177668243,Bhatapada,0.0,0.0
360_396429.0,6544872457,Naladia,0.0,0.0
360_396610.0,4751488539,Balisahi,0.0,0.0
360_396593.0,4177668243,Bhatapada,0.0,0.0
360_396614.0,4751488539,Balisahi,0.0,0.0
360_396663.0,4751488539,Balisahi,0.0,0.0
360_396375.0,4177668243,Bhatapada,0.0,0.0
360_396676.0,6544872457,Naladia,0.0,0.0
360_396555.0,4751488539,Balisahi,0.0,0.0
360_396366.0,4177668243,Bhatapada,0.0,0.0
360_396689.0,4751488539,Balisahi,0.0,0.0
360_396421.0,6544872457,Naladia,0.0,0.0
360_396372.0,4177668243,Bhatapada,0.0,0.0
360_396551.0,4751488539,Balisahi,0.0,0.0
360_396683.0,4751488539,Balisahi,0.0,0.0
360_396695.0,4751488539,Balisahi,0.0,0.0
360_396427.0,6544872457,Naladia,0.0,0.0
360_396696.0,4751488539,Balisahi,0.0,0.0
360_396667.0,4751488539,Balisahi,0.0,0.0
360_396668.0,4751488539,Balisahi,0.0,0.0
360_396553.0,4751488539,Balisahi,0.0,0.0
360_396559.0,4177668243,Bhatapada,0.0,0.0
360_396502.0,6544872457,Naladia,0.0,0.0
360_396685.0,6544872457,Naladia,0.0,0.0
360_396422.0,4177668243,Bhatapada,0.0,0.0
360_396674.0,4177668243,Bhatapada,0.0,0.0
360_396425.0,6544872457,Naladia,0.0,0.0
360_396431.0,6544872457,Naladia,0.0,0.0
360_396671.0,4751488539,Balisahi,0.0,0.0
360_396687.0,4751488539,Balisahi,0.0,0.0
360_396433.0,6544872457,Naladia,0.0,0.0
360_396680.0,6544872457,Naladia,0.0,0.0
360_396434.0,6544872457,Naladia,0.0,0.0
360_396419.0,6544872457,Naladia,0.0,0.0
360_396688.0,4751488539,Balisahi,0.0,0.0
360_396679.0,6544872457,Naladia,0.0,0.0
360_396412.0,4177668243,Bhatapada,0.0,0.0
360_396411.0,4177668243,Bhatapada,0.0,0.0
360_396651.0,4751488539,Balisahi,0.0,0.0
360_396652.0,4751488539,Balisahi,0.0,0.0
360_396670.0,4177668243,Bhatapada,0.0,0.0
360_396368.0,4177668243,Bhatapada,0.0,0.0
360_396373.0,4177668243,Bhatapada,0.0,0.0
360_396374.0,4177668243,Bhatapada,0.0,0.0
360_396654.0,4751488539,Balisahi,0.0,0.0
360_396681.0,6544872457,Naladia,0.0,0.0
360_396424.0,6544872457,Naladia,0.0,0.0
360_396678.0,6544872457,Naladia,0.0,0.0
360_396691.0,4751488539,Balisahi,0.0,0.0
360_396423.0,6544872457,Naladia,0.0,0.0
360_396564.0,4177668243,Bhatapada,0.0,0.0
360_396675.0,6544872457,Naladia,0.0,0.0
360_396677.0,4751488539,Balisahi,0.0,0.0
360_396672.0,4751488539,Balisahi,0.0,0.0
360_396591.0,4177668243,Bhatapada,0.0,0.0
360_396581.0,4177668243,Bhatapada,0.0,0.0
360_396611.0,4751488539,Balisahi,0.0,0.0
360_396619.0,4751488539,Balisahi,0.0,0.0
360_396582.0,4177668243,Bhatapada,0.0,0.0
360_396579.0,4177668243,Bhatapada,0.0,0.0
360_396580.0,4177668243,Bhatapada,0.0,0.0
360_396615.0,4751488539,Balisahi,0.0,0.0
360_396585.0,4177668243,Bhatapada,0.0,0.0
360_396552.0,4751488539,Balisahi,0.0,0.0
360_396589.0,4751488539,Balisahi,0.0,0.0
360_396558.0,5518648836,Tripuraripur,0.0,0.0
360_396554.0,4751488539,Balisahi,0.0,0.0
360_396557.0,4751488539,Balisahi,0.0,0.0
360_396561.0,4177668243,Bhatapada,0.0,0.0
360_396686.0,4751488539,Balisahi,0.0,0.0
360_396370.0,4177668243,Bhatapada,0.0,0.0
360_396378.0,4177668243,Bhatapada,0.0,0.0
360_396410.0,4177668243,Bhatapada,0.0,0.0
360_396408.0,4177668243,Bhatapada,0.0,0.0
360_396666.0,4751488539,Balisahi,0.0,0.0
360_396658.0,4751488539,Balisahi,0.0,0.0
360_396653.0,4751488539,Balisahi,0.0,0.0
360_396586.0,4177668243,Bhatapada,0.0,0.0
360_396587.0,4177668243,Bhatapada,0.0,0.0
360_396562.0,4177668243,Bhatapada,0.0,0.0
360_396556.0,4751488539,Balisahi,0.0,0.0
360_396563.0,4177668243,Bhatapada,0.0,0.0
360_396940.0,6544872457,Naladia,0.0,0.0
360_396870.0,6544872457,Naladia,0.0,0.0
360_396883.0,6544872457,Naladia,0.0,0.0
360_396892.0,6544872457,Naladia,0.0,0.0
360_396893.0,6544872457,Naladia,0.0,0.0
360_396958.0,6544872457,Naladia,0.0,0.0
360_396954.0,6544872457,Naladia,0.0,0.0
360_396872.0,6544872457,Naladia,0.0,0.0
360_396875.0,6544872457,Naladia,0.0,0.0
360_396871.0,6544872457,Naladia,0.0,0.0
360_396953.0,6544872457,Naladia,0.0,0.0
360_396962.0,6544872457,Naladia,0.0,0.0
360_396888.0,6544872457,Naladia,0.0,0.0
360_396880.0,6544872457,Naladia,0.0,0.0
360_396948.0,6544872457,Naladia,0.0,0.0
360_396874.0,6544872457,Naladia,0.0,0.0
360_396873.0,6544872457,Naladia,0.0,0.0
360_396942.0,6544872457,Naladia,0.0,0.0
360_396882.0,6544872457,Naladia,0.0,0.0
360_396956.0,6544872457,Naladia,0.0,0.0
360_396955.0,6544872457,Naladia,0.0,0.0
360_396887.0,6544872457,Naladia,0.0,0.0
360_396945.0,6544872457,Naladia,0.0,0.0
360_396944.0,6544872457,Naladia,0.0,0.0
360_396891.0,6544872457,Naladia,0.0,0.0
360_396876.0,6544872457,Naladia,0.0,0.0
360_396951.0,6544872457,Naladia,0.0,0.0
360_396884.0,6544872457,Naladia,0.0,0.0
360_396881.0,6544872457,Naladia,0.0,0.0
360_396886.0,6544872457,Naladia,0.0,0.0
360_396885.0,6544872457,Naladia,0.0,0.0
360_396890.0,6544872457,Naladia,0.0,0.0
360_396952.0,6544872457,Naladia,0.0,0.0
360_396946.0,6544872457,Naladia,0.0,0.0
360_396947.0,6544872457,Naladia,0.0,0.0
360_396957.0,6544872457,Naladia,0.0,0.0
360_396943.0,6544872457,Naladia,0.0,0.0
360_396959.0,6544872457,Naladia,0.0,0.0
360_396889.0,6544872457,Naladia,0.0,0.0
360_396950.0,6544872457,Naladia,0.0,0.0
360_396933.0,6544872457,Naladia,0.0,0.0
360_396969.0,6288132480,Tikarpanga,0.0,0.0
360_397104.0,2647757463,Ramnagar,24.5,2.04
360_396967.0,6544872457,Naladia,0.0,0.0
360_397117.0,2647757463,Ramnagar,23.64,1.97
360_396932.0,6544872457,Naladia,0.0,0.0
360_397118.0,2647757463,Ramnagar,24.08,2.01
360_396976.0,6288132480,Tikarpanga,0.0,0.0
360_396964.0,6544872457,Naladia,0.0,0.0
360_396970.0,6544872457,Naladia,0.0,0.0
360_396973.0,6544872457,Naladia,0.0,0.0
360_396929.0,6288132480,Tikarpanga,0.0,0.0
360_396974.0,6288132480,Tikarpanga,0.0,0.0
360_397107.0,2647757463,Ramnagar,24.08,2.01
360_396963.0,6544872457,Naladia,0.0,0.0
360_396965.0,6544872457,Naladia,0.0,0.0
360_397121.0,2647757463,Ramnagar,24.08,2.01
360_397120.0,2647757463,Ramnagar,24.5,2.04
360_396961.0,6544872457,Naladia,0.0,0.0
360_396966.0,6544872457,Naladia,0.0,0.0
360_396979.0,6288132480,Tikarpanga,0.0,0.0
360_396931.0,6288132480,Tikarpanga,0.0,0.0
360_396983.0,2647757463,Ramnagar,24.5,2.04
360_396968.0,6544872457,Naladia,0.0,0.0
360_396928.0,2647757463,Ramnagar,24.5,2.04
360_397103.0,2647757463,Ramnagar,24.08,2.01
360_397119.0,2647757463,Ramnagar,24.08,2.01
360_397105.0,2647757463,Ramnagar,24.08,2.01
360_396977.0,6288132480,Tikarpanga,0.0,0.0
360_397116.0,2647757463,Ramnagar,23.64,1.97
360_396930.0,6288132480,Tikarpanga,0.0,0.0
360_396981.0,6288132480,Tikarpanga,0.0,0.0
360_396978.0,6288132480,Tikarpanga,0.0,0.0
360_396971.0,6544872457,Naladia,0.0,0.0
360_397122.0,2647757463,Ramnagar,24.08,2.01
360_396960.0,6544872457,Naladia,0.0,0.0
360_396982.0,2647757463,Ramnagar,24.5,2.04
360_396980.0,6288132480,Tikarpanga,0.0,0.0
360_396975.0,6288132480,Tikarpanga,0.0,0.0
360_396972.0,6544872457,Naladia,0.0,0.0
360_397132.0,3832855682,Kharinasi,12.64,1.05
360_397123.0,2647757463,Ramnagar,23.64,1.97
360_396060.0,3832855682,Kharinasi,12.64,1.05
360_397136.0,3832855682,Kharinasi,12.64,1.05
360_397135.0,3446444162,Batighar,0.0,0.0
360_397137.0,3832855682,Kharinasi,12.64,1.05
360_397126.0,5225532539,Petchhela,1.76,0.15
360_397134.0,3446444162,Batighar,0.0,0.0
360_397125.0,5225532539,Petchhela,6.95,0.58
360_397128.0,2647757463,Ramnagar,0.0,0.0
360_397124.0,2647757463,Ramnagar,23.47,1.96
360_397127.0,2647757463,Ramnagar,1.0,0.08
360_397133.0,3446444162,Batighar,1.23,0.1
360_397114.0,2647757463,Ramnagar,23.2,1.93
360_397138.0,3832855682,Kharinasi,12.64,1.05
360_396059.0,3446444162,Batighar,0.0,0.0
360_397130.0,3446444162,Batighar,1.23,0.1
360_396910.0,6544872457,Naladia,0.0,0.0
360_396913.0,6544872457,Naladia,0.0,0.0
360_396782.0,6544872457,Naladia,0.0,0.0
360_396720.0,6544872457,Naladia,0.0,0.0
360_397052.0,4177668243,Bhatapada,0.0,0.0
360_396532.0,4177668243,Bhatapada,0.0,0.0
360_396788.0,6544872457,Naladia,0.0,0.0
360_396935.0,6544872457,Naladia,0.0,0.0
360_396536.0,6544872457,Naladia,0.0,0.0
360_396877.0,6544872457,Naladia,0.0,0.0
360_396912.0,6544872457,Naladia,0.0,0.0
360_396790.0,6544872457,Naladia,0.0,0.0
360_396894.0,6544872457,Naladia,0.0,0.0
360_396899.0,6544872457,Naladia,0.0,0.0
360_396533.0,4177668243,Bhatapada,0.0,0.0
360_396721.0,6544872457,Naladia,0.0,0.0
360_396937.0,6544872457,Naladia,0.0,0.0
360_396949.0,6544872457,Naladia,0.0,0.0
360_397053.0,6544872457,Naladia,0.0,0.0
360_396794.0,6544872457,Naladia,0.0,0.0
360_396878.0,6544872457,Naladia,0.0,0.0
360_396914.0,6544872457,Naladia,0.0,0.0
360_396540.0,6544872457,Naladia,0.0,0.0
360_396909.0,6544872457,Naladia,0.0,0.0
360_396519.0,6544872457,Naladia,0.0,0.0
360_396528.0,4177668243,Bhatapada,0.0,0.0
360_396896.0,6544872457,Naladia,0.0,0.0
360_396897.0,6544872457,Naladia,0.0,0.0
360_396717.0,6544872457,Naladia,0.0,0.0
360_396718.0,6544872457,Naladia,0.0,0.0
360_396539.0,6544872457,Naladia,0.0,0.0
360_396541.0,6544872457,Naladia,0.0,0.0
360_396791.0,6544872457,Naladia,0.0,0.0
360_396898.0,6544872457,Naladia,0.0,0.0
360_396517.0,6544872457,Naladia,0.0,0.0
360_396879.0,6544872457,Naladia,0.0,0.0
360_396792.0,6544872457,Naladia,0.0,0.0
360_396941.0,6544872457,Naladia,0.0,0.0
360_396938.0,6544872457,Naladia,0.0,0.0
360_396936.0,6544872457,Naladia,0.0,0.0
360_396787.0,6544872457,Naladia,0.0,0.0
360_396793.0,6544872457,Naladia,0.0,0.0
360_396918.0,6544872457,Naladia,0.0,0.0
360_396939.0,6544872457,Naladia,0.0,0.0
360_396919.0,6544872457,Naladia,0.0,0.0
360_396789.0,6544872457,Naladia,0.0,0.0
360_396906.0,6544872457,Naladia,0.0,0.0
360_396512.0,6544872457,Naladia,0.0,0.0
360_396917.0,6544872457,Naladia,0.0,0.0
360_396915.0,6544872457,Naladia,0.0,0.0
360_396895.0,6544872457,Naladia,0.0,0.0
360_396901.0,6544872457,Naladia,0.0,0.0
360_396900.0,6544872457,Naladia,0.0,0.0
360_396908.0,6544872457,Naladia,0.0,0.0
360_396542.0,6544872457,Naladia,0.0,0.0
360_396783.0,6544872457,Naladia,0.0,0.0
360_396916.0,6544872457,Naladia,0.0,0.0
360_396719.0,6544872457,Naladia,0.0,0.0
360_396535.0,4177668243,Bhatapada,0.0,0.0
360_396911.0,6544872457,Naladia,0.0,0.0
360_396920.0,6544872457,Naladia,0.0,0.0
360_396786.0,6544872457,Naladia,0.0,0.0
360_396907.0,6544872457,Naladia,0.0,0.0
360_396716.0,6544872457,Naladia,0.0,0.0
360_396522.0,6544872457,Naladia,0.0,0.0
360_396513.0,6544872457,Naladia,0.0,0.0
360_396516.0,6544872457,Naladia,0.0,0.0
360_396537.0,6544872457,Naladia,0.0,0.0
360_396538.0,6544872457,Naladia,0.0,0.0
360_396511.0,6544872457,Naladia,0.0,0.0
360_396518.0,6544872457,Naladia,0.0,0.0
360_396510.0,6544872457,Naladia,0.0,0.0
360_397051.0,4177668243,Bhatapada,0.0,0.0
360_396547.0,6288132480,Tikarpanga,0.0,0.0
360_396546.0,6544872457,Naladia,0.0,0.0
360_396515.0,6544872457,Naladia,0.0,0.0
360_396521.0,6544872457,Naladia,0.0,0.0
360_396785.0,6544872457,Naladia,0.0,0.0
360_396514.0,6544872457,Naladia,0.0,0.0
360_396523.0,6544872457,Naladia,0.0,0.0
360_396543.0,6544872457,Naladia,0.0,0.0
360_396545.0,4177668243,Bhatapada,0.0,0.0
360_396506.0,6544872457,Naladia,0.0,0.0
360_396534.0,4177668243,Bhatapada,0.0,0.0
360_396544.0,4177668243,Bhatapada,0.0,0.0
360_396394.0,4177668243,Bhatapada,0.0,0.0
360_396784.0,6544872457,Naladia,0.0,0.0
360_396505.0,6544872457,Naladia,0.0,0.0
360_396520.0,6544872457,Naladia,0.0,0.0
360_397091.0,6288132480,Tikarpanga,0.0,0.0
360_397092.0,6288132480,Tikarpanga,0.0,0.0
360_397102.0,2647757463,Ramnagar,24.08,2.01
360_397089.0,2647757463,Ramnagar,24.5,2.04
360_397088.0,2647757463,Ramnagar,24.08,2.01
360_396927.0,2647757463,Ramnagar,24.5,2.04
360_396926.0,6288132480,Tikarpanga,0.0,0.0
360_397082.0,2647757463,Ramnagar,23.64,1.97
360_397044.0,4177668243,Bhatapada,0.0,0.0
360_396323.0,4177668243,Bhatapada,0.0,0.0
360_396393.0,4177668243,Bhatapada,0.0,0.0
360_396986.0,4177668243,Bhatapada,0.0,0.0
360_397064.0,2647757463,Ramnagar,23.64,1.97
360_396989.0,4177668243,Bhatapada,0.0,0.0
360_396333.0,4177668243,Bhatapada,0.0,0.0
360_396990.0,4177668243,Bhatapada,0.0,0.0
360_397086.0,2647757463,Ramnagar,24.08,2.01
360_397087.0,2647757463,Ramnagar,24.08,2.01
360_397090.0,6288132480,Tikarpanga,0.0,0.0
360_396904.0,6288132480,Tikarpanga,0.0,0.0
360_397046.0,4177668243,Bhatapada,0.0,0.0
360_396319.0,4177668243,Bhatapada,0.0,0.0
360_396934.0,6288132480,Tikarpanga,0.0,0.0
360_397113.0,2647757463,Ramnagar,23.64,1.97
360_396988.0,4177668243,Bhatapada,0.0,0.0
360_397094.0,2647757463,Ramnagar,24.5,2.04
360_397099.0,2647757463,Ramnagar,23.64,1.97
360_397109.0,2647757463,Ramnagar,23.64,1.97
360_397084.0,2647757463,Ramnagar,23.64,1.97
360_397063.0,2647757463,Ramnagar,24.08,2.01
360_397065.0,2647757463,Ramnagar,23.64,1.97
360_397083.0,2647757463,Ramnagar,23.64,1.97
360_397062.0,2647757463,Ramnagar,24.08,2.01
360_397030.0,2647757463,Ramnagar,23.64,1.97
360_397055.0,6288132480,Tikarpanga,0.0,0.0
360_397060.0,2647757463,Ramnagar,24.08,2.01
360_397106.0,2647757463,Ramnagar,24.08,2.01
360_397115.0,2647757463,Ramnagar,23.64,1.97
360_397040.0,4177668243,Bhatapada,0.0,0.0
360_397101.0,2647757463,Ramnagar,24.08,2.01
360_396925.0,6288132480,Tikarpanga,0.0,0.0
360_397038.0,4177668243,Bhatapada,0.0,0.0
360_397034.0,2647757463,Ramnagar,23.64,1.97
360_397041.0,4177668243,Bhatapada,0.0,0.0
360_397042.0,4177668243,Bhatapada,0.0,0.0
360_396984.0,4177668243,Bhatapada,0.0,0.0
360_397048.0,4177668243,Bhatapada,0.0,0.0
360_397037.0,4177668243,Bhatapada,0.0,0.0
360_396905.0,6288132480,Tikarpanga,0.0,0.0
360_397085.0,2647757463,Ramnagar,23.64,1.97
360_397058.0,2647757463,Ramnagar,24.08,2.01
360_397054.0,6288132480,Tikarpanga,0.0,0.0
360_397066.0,2647757463,Ramnagar,23.2,1.93
360_397032.0,4177668243,Bhatapada,0.0,0.0
360_397093.0,2647757463,Ramnagar,24.5,2.04
360_396335.0,4177668243,Bhatapada,0.0,0.0
360_396320.0,4177668243,Bhatapada,0.0,0.0
360_397097.0,2647757463,Ramnagar,24.08,2.01
360_397110.0,2647757463,Ramnagar,23.64,1.97
360_396924.0,6288132480,Tikarpanga,0.0,0.0
360_396902.0,6288132480,Tikarpanga,0.0,0.0
360_396903.0,6288132480,Tikarpanga,0.0,0.0
360_397061.0,2647757463,Ramnagar,24.08,2.01
360_397059.0,2647757463,Ramnagar,24.08,2.01
360_397026.0,4177668243,Bhatapada,0.0,0.0
360_397031.0,4177668243,Bhatapada,0.0,0.0
360_397056.0,6288132480,Tikarpanga,0.0,0.0
360_397045.0,2647757463,Ramnagar,24.08,2.01
360_397057.0,2647757463,Ramnagar,24.08,2.01
360_397039.0,4177668243,Bhatapada,0.0,0.0
360_397033.0,4177668243,Bhatapada,0.0,0.0
360_396922.0,6544872457,Naladia,0.0,0.0
360_397027.0,4177668243,Bhatapada,0.0,0.0
360_397049.0,6288132480,Tikarpanga,0.0,0.0
360_397043.0,4177668243,Bhatapada,0.0,0.0
360_396985.0,4177668243,Bhatapada,0.0,0.0
360_397096.0,2647757463,Ramnagar,24.08,2.01
360_397108.0,2647757463,Ramnagar,23.64,1.97
360_397050.0,4177668243,Bhatapada,0.0,0.0
360_396921.0,6544872457,Naladia,0.0,0.0
360_396987.0,4177668243,Bhatapada,0.0,0.0
360_396321.0,4177668243,Bhatapada,0.0,0.0
360_397036.0,4177668243,Bhatapada,0.0,0.0
360_397035.0,4177668243,Bhatapada,0.0,0.0
360_396324.0,4177668243,Bhatapada,0.0,0.0
360_396322.0,4177668243,Bhatapada,0.0,0.0
360_397047.0,4177668243,Bhatapada,0.0,0.0
360_397095.0,2647757463,Ramnagar,24.08,2.01
360_396923.0,6288132480,Tikarpanga,0.0,0.0
360_397098.0,2647757463,Ramnagar,24.08,2.01
360_397100.0,2647757463,Ramnagar,24.08,2.01
360_396391.0,4177668243,Bhatapada,0.0,0.0
360_396530.0,4177668243,Bhatapada,0.0,0.0
360_396504.0,6544872457,Naladia,0.0,0.0
360_396503.0,6544872457,Naladia,0.0,0.0
360_396527.0,4177668243,Bhatapada,0.0,0.0
360_396596.0,4177668243,Bhatapada,0.0,0.0
360_396253.0,4177668243,Bhatapada,0.0,0.0
360_396233.0,4177668243,Bhatapada,0.0,0.0
360_396244.0,4177668243,Bhatapada,0.0,0.0
360_396569.0,4177668243,Bhatapada,0.0,0.0
360_396254.0,4177668243,Bhatapada,0.0,0.0
360_396602.0,4177668243,Bhatapada,0.0,0.0
360_396395.0,4177668243,Bhatapada,0.0,0.0
360_396605.0,4177668243,Bhatapada,0.0,0.0
360_396529.0,4177668243,Bhatapada,0.0,0.0
360_396246.0,4177668243,Bhatapada,0.0,0.0
360_396572.0,4177668243,Bhatapada,0.0,0.0
360_396571.0,4177668243,Bhatapada,0.0,0.0
360_396575.0,4177668243,Bhatapada,0.0,0.0
360_396251.0,4177668243,Bhatapada,0.0,0.0
360_396397.0,4177668243,Bhatapada,0.0,0.0
360_396403.0,4177668243,Bhatapada,0.0,0.0
360_396398.0,4177668243,Bhatapada,0.0,0.0
360_396260.0,4177668243,Bhatapada,0.0,0.0
360_396601.0,4177668243,Bhatapada,0.0,0.0
360_396603.0,4177668243,Bhatapada,0.0,0.0
360_396401.0,4177668243,Bhatapada,0.0,0.0
360_396597.0,4177668243,Bhatapada,0.0,0.0
360_396239.0,4177668243,Bhatapada,0.0,0.0
360_396250.0,4177668243,Bhatapada,0.0,0.0
360_396245.0,4177668243,Bhatapada,0.0,0.0
360_396380.0,4177668243,Bhatapada,0.0,0.0
360_250491.0,6544872457,Naladia,0.0,0.0
360_396565.0,4177668243,Bhatapada,0.0,0.0
360_396595.0,4177668243,Bhatapada,0.0,0.0
360_396240.0,4177668243,Bhatapada,0.0,0.0
360_396231.0,4177668243,Bhatapada,0.0,0.0
360_396568.0,4177668243,Bhatapada,0.0,0.0
360_396238.0,4177668243,Bhatapada,0.0,0.0
360_396606.0,4177668243,Bhatapada,0.0,0.0
360_396234.0,4177668243,Bhatapada,0.0,0.0
360_396396.0,4177668243,Bhatapada,0.0,0.0
360_396247.0,4177668243,Bhatapada,0.0,0.0
360_396525.0,4177668243,Bhatapada,0.0,0.0
360_396573.0,4177668243,Bhatapada,0.0,0.0
360_396524.0,4177668243,Bhatapada,0.0,0.0
360_396382.0,4177668243,Bhatapada,0.0,0.0
360_396570.0,4177668243,Bhatapada,0.0,0.0
360_396567.0,4177668243,Bhatapada,0.0,0.0
360_396577.0,4177668243,Bhatapada,0.0,0.0
360_396402.0,4177668243,Bhatapada,0.0,0.0
360_396237.0,4177668243,Bhatapada,0.0,0.0
360_396400.0,4177668243,Bhatapada,0.0,0.0
360_396526.0,4177668243,Bhatapada,0.0,0.0
360_396379.0,4177668243,Bhatapada,0.0,0.0
360_396399.0,4177668243,Bhatapada,0.0,0.0
360_396406.0,4177668243,Bhatapada,0.0,0.0
360_396404.0,4177668243,Bhatapada,0.0,0.0
360_396381.0,4177668243,Bhatapada,0.0,0.0
360_396407.0,4177668243,Bhatapada,0.0,0.0
360_396599.0,4177668243,Bhatapada,0.0,0.0
360_396604.0,4177668243,Bhatapada,0.0,0.0
360_396531.0,4177668243,Bhatapada,0.0,0.0
360_396405.0,4177668243,Bhatapada,0.0,0.0
360_396252.0,4177668243,Bhatapada,0.0,0.0
360_396600.0,4177668243,Bhatapada,0.0,0.0
360_396598.0,4177668243,Bhatapada,0.0,0.0
360_396243.0,4177668243,Bhatapada,0.0,0.0
360_396249.0,4177668243,Bhatapada,0.0,0.0
360_396574.0,4177668243,Bhatapada,0.0,0.0
360_396227.0,4177668243,Bhatapada,0.0,0.0
360_396248.0,4177668243,Bhatapada,0.0,0.0
360_396255.0,4177668243,Bhatapada,0.0,0.0
360_396242.0,4177668243,Bhatapada,0.0,0.0
360_396228.0,4177668243,Bhatapada,0.0,0.0
360_396235.0,4177668243,Bhatapada,0.0,0.0
360_396241.0,4177668243,Bhatapada,0.0,0.0
360_396229.0,4177668243,Bhatapada,0.0,0.0
360_396576.0,4177668243,Bhatapada,0.0,0.0
360_396566.0,4177668243,Bhatapada,0.0,0.0
360_396230.0,4177668243,Bhatapada,0.0,0.0
360_396232.0,4177668243,Bhatapada,0.0,0.0
360_396236.0,4177668243,Bhatapada,0.0,0.0
360_396220.0,4177668243,Bhatapada,0.0,0.0
360_396303.0,4177668243,Bhatapada,0.0,0.0
360_396390.0,4177668243,Bhatapada,0.0,0.0
360_396266.0,4177668243,Bhatapada,0.0,0.0
360_396276.0,4177668243,Bhatapada,0.0,0.0
360_396221.0,4177668243,Bhatapada,0.0,0.0
360_396312.0,4177668243,Bhatapada,0.0,0.0
360_396389.0,4177668243,Bhatapada,0.0,0.0
360_396392.0,4177668243,Bhatapada,0.0,0.0
360_396261.0,4177668243,Bhatapada,0.0,0.0
360_396305.0,4177668243,Bhatapada,0.0,0.0
360_396330.0,4177668243,Bhatapada,0.0,0.0
360_396337.0,4177668243,Bhatapada,0.0,0.0
360_396315.0,4177668243,Bhatapada,0.0,0.0
360_396310.0,4177668243,Bhatapada,0.0,0.0
360_396383.0,4177668243,Bhatapada,0.0,0.0
360_396327.0,4177668243,Bhatapada,0.0,0.0
360_396384.0,4177668243,Bhatapada,0.0,0.0
360_396329.0,4177668243,Bhatapada,0.0,0.0
360_396388.0,4177668243,Bhatapada,0.0,0.0
360_396331.0,4177668243,Bhatapada,0.0,0.0
360_396311.0,4177668243,Bhatapada,0.0,0.0
360_396224.0,4177668243,Bhatapada,0.0,0.0
360_396256.0,4177668243,Bhatapada,0.0,0.0
360_396271.0,4177668243,Bhatapada,0.0,0.0
360_396318.0,4177668243,Bhatapada,0.0,0.0
360_396334.0,4177668243,Bhatapada,0.0,0.0
360_396267.0,4177668243,Bhatapada,0.0,0.0
360_396326.0,4177668243,Bhatapada,0.0,0.0
360_396264.0,4177668243,Bhatapada,0.0,0.0
360_396301.0,4177668243,Bhatapada,0.0,0.0
360_396385.0,4177668243,Bhatapada,0.0,0.0
360_396259.0,4177668243,Bhatapada,0.0,0.0
360_396306.0,4177668243,Bhatapada,0.0,0.0
360_396265.0,4177668243,Bhatapada,0.0,0.0
360_396325.0,4177668243,Bhatapada,0.0,0.0
360_396307.0,4177668243,Bhatapada,0.0,0.0
360_396223.0,4177668243,Bhatapada,0.0,0.0
360_250490.0,4177668243,Bhatapada,0.0,0.0
360_396148.0,4177668243,Bhatapada,0.0,0.0
360_396386.0,4177668243,Bhatapada,0.0,0.0
360_396332.0,4177668243,Bhatapada,0.0,0.0
360_396314.0,4177668243,Bhatapada,0.0,0.0
360_396316.0,4177668243,Bhatapada,0.0,0.0
360_396387.0,4177668243,Bhatapada,0.0,0.0
360_396317.0,4177668243,Bhatapada,0.0,0.0
360_396313.0,4177668243,Bhatapada,0.0,0.0
360_396262.0,4177668243,Bhatapada,0.0,0.0
360_396309.0,4177668243,Bhatapada,0.0,0.0
360_396308.0,4177668243,Bhatapada,0.0,0.0
360_396339.0,4177668243,Bhatapada,0.0,0.0
360_396263.0,4177668243,Bhatapada,0.0,0.0
360_396328.0,4177668243,Bhatapada,0.0,0.0
360_396226.0,4177668243,Bhatapada,0.0,0.0
360_396304.0,4177668243,Bhatapada,0.0,0.0
360_396258.0,4177668243,Bhatapada,0.0,0.0
360_396302.0,4177668243,Bhatapada,0.0,0.0
360_396257.0,4177668243,Bhatapada,0.0,0.0
360_396272.0,4177668243,Bhatapada,0.0,0.0
360_396269.0,4177668243,Bhatapada,0.0,0.0
360_396274.0,4177668243,Bhatapada,0.0,0.0
360_396146.0,4177668243,Bhatapada,0.0,0.0
360_396280.0,4177668243,Bhatapada,0.0,0.0
360_396147.0,4177668243,Bhatapada,0.0,0.0
360_396222.0,4177668243,Bhatapada,0.0,0.0
360_396225.0,4177668243,Bhatapada,0.0,0.0
360_396277.0,4177668243,Bhatapada,0.0,0.0
360_396149.0,4177668243,Bhatapada,0.0,0.0
360_396336.0,4177668243,Bhatapada,0.0,0.0
360_396338.0,4177668243,Bhatapada,0.0,0.0
360_396270.0,4177668243,Bhatapada,0.0,0.0
360_396273.0,4177668243,Bhatapada,0.0,0.0
360_396548.0,4177668243,Bhatapada,0.0,0.0
360_396549.0,4177668243,Bhatapada,0.0,0.0
360_396550.0,4177668243,Bhatapada,0.0,0.0
360_396268.0,4177668243,Bhatapada,0.0,0.0
360_397112.0,5225532539,Petchhela,0.0,0.0
360_396058.0,5225532539,Petchhela,0.85,0.07
360_397078.0,5225532539,Petchhela,6.95,0.58
360_397081.0,5225532539,Petchhela,8.04,0.67
360_396992.0,4177668243,Bhatapada,0.0,0.0
360_397018.0,4177668243,Bhatapada,0.7,0.06
360_396993.0,4177668243,Bhatapada,0.0,0.0
360_397015.0,4211562170,Balarampur,5.56,0.46
360_397069.0,4177668243,Bhatapada,0.0,0.0
360_396057.0,3446444162,Batighar,1.23,0.1
360_397021.0,4177668243,Bhatapada,0.0,0.0
360_397079.0,5225532539,Petchhela,0.0,0.0
360_397004.0,2755848427,Dhaneswarpur,3.08,0.26
360_397077.0,2647757463,Ramnagar,0.99,0.08
360_397067.0,5225532539,Petchhela,8.04,0.67
360_396995.0,4177668243,Bhatapada,0.0,0.0
360_397073.0,2647757463,Ramnagar,1.37,0.11
360_396997.0,4177668243,Bhatapada,0.0,0.0
360_397028.0,4177668243,Bhatapada,0.0,0.0
360_397075.0,3446444162,Batighar,0.0,0.0
360_397080.0,5225532539,Petchhela,0.0,0.0
360_397074.0,2647757463,Ramnagar,0.0,0.0
360_397023.0,4177668243,Bhatapada,0.0,0.0
360_397076.0,2647757463,Ramnagar,0.0,0.0
360_397071.0,4177668243,Bhatapada,0.0,0.0
360_397072.0,4177668243,Bhatapada,0.0,0.0
360_397068.0,4177668243,Bhatapada,0.0,0.0
360_397022.0,4177668243,Bhatapada,0.0,0.0
360_396991.0,4177668243,Bhatapada,0.0,0.0
360_397029.0,4177668243,Bhatapada,0.0,0.0
360_397020.0,4177668243,Bhatapada,0.0,0.0
360_397003.0,5241281210,Rajnagar,0.26,0.02
360_397070.0,4177668243,Bhatapada,0.0,0.0
360_396056.0,2755848427,Dhaneswarpur,3.97,0.33
360_397019.0,4177668243,Bhatapada,0.0,0.0
360_397024.0,4177668243,Bhatapada,0.0,0.0
360_397025.0,4177668243,Bhatapada,0.0,0.0
360_396996.0,4177668243,Bhatapada,0.0,0.0
360_397000.0,4177668243,Bhatapada,0.0,0.0
360_396994.0,4177668243,Bhatapada,0.0,0.0
360_397017.0,5241281210,Rajnagar,0.26,0.02
360_397016.0,4211562170,Balarampur,8.33,0.69
360_397002.0,5241281210,Rajnagar,0.26,0.02
360_397131.0,3832855682,Kharinasi,12.64,1.05
360_397111.0,2647757463,Ramnagar,23.2,1.93
360_397129.0,3446444162,Batighar,0.0,0.0
360_396061.0,6763538284,Brahamansahi,0.0,0.0
360_396351.0,4177668243,Bhatapada,0.0,0.0
360_396025.0,4211562170,Balarampur,6.22,0.52
360_396300.0,4177668243,Bhatapada,0.0,0.0
360_396042.0,2755848427,Dhaneswarpur,1.38,0.11
360_396293.0,4177668243,Bhatapada,0.0,0.0
360_396298.0,4177668243,Bhatapada,0.0,0.0
360_396299.0,4177668243,Bhatapada,0.0,0.0
360_397014.0,4211562170,Balarampur,0.69,0.06
360_396284.0,4177668243,Bhatapada,0.0,0.0
360_396283.0,4177668243,Bhatapada,0.0,0.0
360_395943.0,4177668243,Bhatapada,0.0,0.0
360_395949.0,2755848427,Dhaneswarpur,1.09,0.09
360_396024.0,4211562170,Balarampur,9.04,0.75
360_395997.0,4211562170,Balarampur,3.03,0.25
360_396290.0,4177668243,Bhatapada,0.0,0.0
360_396005.0,5241281210,Rajnagar,0.26,0.02
360_396356.0,4177668243,Bhatapada,0.0,0.0
360_396282.0,4177668243,Bhatapada,0.0,0.0
360_396998.0,4177668243,Bhatapada,0.0,0.0
360_396359.0,4177668243,Bhatapada,0.0,0.0
360_396032.0,4177668243,Bhatapada,0.0,0.0
360_396027.0,5241281210,Rajnagar,0.26,0.02
360_396342.0,4177668243,Bhatapada,0.0,0.0
360_396009.0,4211562170,Balarampur,14.95,1.25
360_396345.0,4177668243,Bhatapada,0.0,0.0
360_396350.0,4177668243,Bhatapada,0.0,0.0
360_396043.0,4211562170,Balarampur,6.11,0.51
360_396006.0,2755848427,Dhaneswarpur,3.34,0.28
360_395909.0,4211562170,Balarampur,5.25,0.44
360_397001.0,5241281210,Rajnagar,1.1,0.09
360_397012.0,4211562170,Balarampur,17.99,1.5
360_396037.0,5241281210,Rajnagar,0.26,0.02
360_396038.0,5241281210,Rajnagar,0.26,0.02
360_396296.0,4177668243,Bhatapada,0.0,0.0
360_396348.0,4177668243,Bhatapada,0.0,0.0
360_396344.0,4177668243,Bhatapada,0.0,0.0
360_396030.0,5241281210,Rajnagar,0.26,0.02
360_396360.0,4177668243,Bhatapada,0.0,0.0
360_396041.0,2755848427,Dhaneswarpur,0.92,0.08
360_396297.0,4177668243,Bhatapada,0.0,0.0
360_395950.0,4211562170,Balarampur,1.68,0.14
360_396346.0,4177668243,Bhatapada,0.0,0.0
360_396349.0,4177668243,Bhatapada,0.0,0.0
360_396347.0,4177668243,Bhatapada,0.0,0.0
360_396291.0,4177668243,Bhatapada,0.0,0.0
360_395939.0,4177668243,Bhatapada,0.0,0.0
360_395948.0,2755848427,Dhaneswarpur,4.74,0.4
360_395941.0,4177668243,Bhatapada,0.0,0.0
360_395942.0,4177668243,Bhatapada,0.0,0.0
360_396999.0,4177668243,Bhatapada,0.0,0.0
360_396341.0,4177668243,Bhatapada,0.0,0.0
360_396279.0,4177668243,Bhatapada,0.0,0.0
360_395946.0,5241281210,Rajnagar,4.62,0.38
360_395944.0,4177668243,Bhatapada,0.0,0.0
360_396040.0,2755848427,Dhaneswarpur,5.43,0.45
360_396292.0,4177668243,Bhatapada,0.0,0.0
360_395938.0,4177668243,Bhatapada,0.0,0.0
360_396039.0,5241281210,Rajnagar,0.05,0.0
360_396355.0,4177668243,Bhatapada,0.0,0.0
360_396352.0,4177668243,Bhatapada,0.0,0.0
360_396362.0,4177668243,Bhatapada,0.0,0.0
360_396289.0,4177668243,Bhatapada,0.0,0.0
360_396004.0,5241281210,Rajnagar,3.76,0.31
360_395999.0,4177668243,Bhatapada,0.0,0.0
360_395994.0,4211562170,Balarampur,13.55,1.13
360_395951.0,4211562170,Balarampur,12.06,1.0
360_395945.0,4177668243,Bhatapada,0.0,0.0
360_396361.0,4177668243,Bhatapada,0.0,0.0
360_397005.0,5241281210,Rajnagar,4.53,0.38
360_397013.0,4211562170,Balarampur,12.38,1.03
360_395933.0,4177668243,Bhatapada,0.0,0.0
360_396278.0,4177668243,Bhatapada,0.0,0.0
360_395932.0,4177668243,Bhatapada,0.0,0.0
360_396033.0,4177668243,Bhatapada,0.0,0.0
360_396035.0,4177668243,Bhatapada,0.0,0.0
360_396363.0,4177668243,Bhatapada,0.0,0.0
360_396365.0,4177668243,Bhatapada,0.0,0.0
360_396364.0,4177668243,Bhatapada,0.0,0.0
360_396036.0,4177668243,Bhatapada,0.0,0.0
360_397007.0,4211562170,Balarampur,3.12,0.26
360_396055.0,2755848427,Dhaneswarpur,4.16,0.35
360_396340.0,4177668243,Bhatapada,0.0,0.0
360_396357.0,4177668243,Bhatapada,0.0,0.0
360_396029.0,4177668243,Bhatapada,0.0,0.0
360_396358.0,4177668243,Bhatapada,0.0,0.0
360_396028.0,5241281210,Rajnagar,2.42,0.2
360_396353.0,4177668243,Bhatapada,0.0,0.0
360_396354.0,4177668243,Bhatapada,0.0,0.0
360_396343.0,4177668243,Bhatapada,0.0,0.0
360_396034.0,4177668243,Bhatapada,0.0,0.0
360_396286.0,4177668243,Bhatapada,0.0,0.0
360_396295.0,4177668243,Bhatapada,0.0,0.0
360_396007.0,4211562170,Balarampur,5.16,0.43
360_395998.0,4177668243,Bhatapada,0.0,0.0
360_395936.0,4177668243,Bhatapada,0.0,0.0
360_396294.0,4177668243,Bhatapada,0.0,0.0
360_396285.0,4177668243,Bhatapada,0.0,0.0
360_395996.0,2755848427,Dhaneswarpur,3.27,0.27
360_396281.0,4177668243,Bhatapada,0.0,0.0
360_395993.0,4211562170,Balarampur,12.62,1.05
360_396287.0,4177668243,Bhatapada,0.0,0.0
360_396001.0,4177668243,Bhatapada,0.0,0.0
360_395937.0,4177668243,Bhatapada,0.0,0.0
360_396000.0,4177668243,Bhatapada,0.0,0.0
360_395995.0,4211562170,Balarampur,5.74,0.48
360_396275.0,4177668243,Bhatapada,0.0,0.0
360_396288.0,4177668243,Bhatapada,0.0,0.0
360_395908.0,4211562170,Balarampur,6.06,0.5
360_395940.0,4177668243,Bhatapada,0.0,0.0
360_395952.0,4211562170,Balarampur,1.54,0.13
360_395934.0,4177668243,Bhatapada,0.0,0.0
360_395947.0,4177668243,Bhatapada,0.0,0.0
360_396026.0,2755848427,Dhaneswarpur,5.21,0.43
360_396002.0,4177668243,Bhatapada,0.0,0.0
360_396008.0,4211562170,Balarampur,3.34,0.28
360_397008.0,4211562170,Balarampur,14.31,1.19
360_396003.0,4177668243,Bhatapada,0.0,0.0
360_395935.0,4177668243,Bhatapada,0.0,0.0
360_397006.0,4211562170,Balarampur,0.1,0.01
360_396031.0,4177668243,Bhatapada,0.0,0.0
360_395911.0,4177668243,Bhatapada,0.0,0.0
360_395964.0,1736744853,Junupangara,0.63,0.05
360_395970.0,1736744853,Junupangara,8.74,0.73
360_396044.0,4211562170,Balarampur,20.98,1.75
360_395885.0,6231352169,Gupti,64.82,5.4
360_397010.0,6763538284,Brahamansahi,20.4,1.7
360_395981.0,1736744853,Junupangara,44.47,3.71
360_396019.0,1736744853,Junupangara,2.38,0.2
360_396010.0,6763538284,Brahamansahi,20.52,1.71
360_395961.0,6763538284,Brahamansahi,4.0,0.33
360_395962.0,1736744853,Junupangara,6.76,0.56
360_396023.0,4211562170,Balarampur,20.69,1.72
360_395956.0,4211562170,Balarampur,21.14,1.76
360_396051.0,6763538284,Brahamansahi,3.82,0.32
360_395986.0,1736744853,Junupangara,3.03,0.25
360_395968.0,1736744853,Junupangara,22.68,1.89
360_395954.0,4211562170,Balarampur,19.54,1.63
360_395977.0,1736744853,Junupangara,72.91,6.08
360_395958.0,6763538284,Brahamansahi,4.2,0.35
360_395972.0,1736744853,Junupangara,24.01,2.0
360_396013.0,6763538284,Brahamansahi,8.75,0.73
360_396022.0,6763538284,Brahamansahi,13.38,1.11
360_396012.0,6763538284,Brahamansahi,1.39,0.12
360_396021.0,6763538284,Brahamansahi,0.0,0.0
360_395971.0,1736744853,Junupangara,13.94,1.16
360_395982.0,1736744853,Junupangara,32.98,2.75
360_395963.0,1736744853,Junupangara,1.5,0.12
360_395884.0,6231352169,Gupti,67.03,5.59
360_395978.0,1736744853,Junupangara,78.84,6.57
360_395898.0,1736744853,Junupangara,9.69,0.81
360_396047.0,6763538284,Brahamansahi,12.45,1.04
360_396074.0,6763538284,Brahamansahi,17.73,1.48
360_396052.0,6763538284,Brahamansahi,0.73,0.06
360_395985.0,1736744853,Junupangara,5.22,0.43
360_395957.0,6763538284,Brahamansahi,13.76,1.15
360_395953.0,4211562170,Balarampur,12.69,1.06
360_395959.0,6763538284,Brahamansahi,5.36,0.45
360_396073.0,6763538284,Brahamansahi,18.8,1.57
360_395983.0,1736744853,Junupangara,23.42,1.95
360_395973.0,1736744853,Junupangara,42.39,3.53
360_395882.0,6231352169,Gupti,57.1,4.76
360_396011.0,6763538284,Brahamansahi,4.96,0.41
360_395992.0,6763538284,Brahamansahi,19.35,1.61
360_395991.0,4211562170,Balarampur,20.94,1.74
360_395901.0,6763538284,Brahamansahi,13.65,1.14
360_395955.0,6763538284,Brahamansahi,14.04,1.17
360_395979.0,1736744853,Junupangara,52.6,4.38
360_395988.0,6763538284,Brahamansahi,4.46,0.37
360_395984.0,1736744853,Junupangara,15.85,1.32
360_395987.0,1736744853,Junupangara,0.71,0.06
360_395989.0,6763538284,Brahamansahi,6.95,0.58
360_395990.0,6763538284,Brahamansahi,9.42,0.78
360_395902.0,4211562170,Balarampur,18.29,1.52
360_395980.0,1736744853,Junupangara,48.05,4.0
360_395965.0,1736744853,Junupangara,1.3,0.11
360_395960.0,1736744853,Junupangara,7.0,0.58
360_395974.0,1736744853,Junupangara,49.11,4.09
360_395976.0,1736744853,Junupangara,49.11,4.09
360_395890.0,6231352169,Gupti,64.82,5.4
360_395897.0,1736744853,Junupangara,4.91,0.41
360_395891.0,1736744853,Junupangara,49.11,4.09
360_396050.0,6763538284,Brahamansahi,0.0,0.0
360_395969.0,1736744853,Junupangara,16.13,1.34
360_396014.0,1736744853,Junupangara,1.25,0.1
360_396017.0,1736744853,Junupangara,17.91,1.49
360_396015.0,1736744853,Junupangara,9.65,0.8
360_395967.0,1736744853,Junupangara,10.53,0.88
360_395966.0,1736744853,Junupangara,10.99,0.92
360_397009.0,6763538284,Brahamansahi,20.4,1.7
360_396046.0,4211562170,Balarampur,20.73,1.73
360_396045.0,4211562170,Balarampur,21.8,1.82
360_397011.0,4211562170,Balarampur,22.28,1.86
360_395975.0,1736744853,Junupangara,79.12,6.59
360_396054.0,1736744853,Junupangara,9.53,0.79
360_396075.0,6763538284,Brahamansahi,13.77,1.15
360_396048.0,6763538284,Brahamansahi,11.56,0.96
360_396049.0,6763538284,Brahamansahi,6.97,0.58
360_396020.0,6763538284,Brahamansahi,6.37,0.53
360_396053.0,6763538284,Brahamansahi,8.78,0.73
360_396018.0,1736744853,Junupangara,8.9,0.74
360_396016.0,1736744853,Junupangara,18.45,1.54
360_396102.0,4177668243,Bhatapada,0.0,0.0
360_395710.0,4534587813,BSPatna,0.15,0.01
360_396214.0,4177668243,Bhatapada,0.0,0.0
360_396155.0,4177668243,Bhatapada,0.0,0.0
360_396092.0,4177668243,Bhatapada,0.0,0.0
360_396080.0,4177668243,Bhatapada,0.0,0.0
360_395648.0,4177668243,Bhatapada,0.0,0.0
360_396103.0,4177668243,Bhatapada,0.0,0.0
360_396138.0,4177668243,Bhatapada,0.0,0.0
360_396127.0,4177668243,Bhatapada,0.0,0.0
360_396124.0,4177668243,Bhatapada,0.0,0.0
360_396104.0,4177668243,Bhatapada,0.0,0.0
360_396211.0,4177668243,Bhatapada,0.0,0.0
360_396096.0,4177668243,Bhatapada,0.0,0.0
360_396210.0,4177668243,Bhatapada,0.0,0.0
360_396139.0,4177668243,Bhatapada,0.0,0.0
360_396134.0,4177668243,Bhatapada,0.0,0.0
360_396164.0,4177668243,Bhatapada,0.0,0.0
360_396171.0,4177668243,Bhatapada,0.0,0.0
360_396158.0,4177668243,Bhatapada,0.0,0.0
360_396135.0,4177668243,Bhatapada,0.0,0.0
360_396095.0,4177668243,Bhatapada,0.0,0.0
360_396086.0,4177668243,Bhatapada,0.0,0.0
360_396079.0,4177668243,Bhatapada,0.0,0.0
360_396215.0,4177668243,Bhatapada,0.0,0.0
360_396088.0,4177668243,Bhatapada,0.0,0.0
360_396213.0,4177668243,Bhatapada,0.0,0.0
360_396159.0,4177668243,Bhatapada,0.0,0.0
360_396094.0,4177668243,Bhatapada,0.0,0.0
360_396170.0,4177668243,Bhatapada,0.0,0.0
360_396087.0,4177668243,Bhatapada,0.0,0.0
360_396082.0,4177668243,Bhatapada,0.0,0.0
360_396081.0,4177668243,Bhatapada,0.0,0.0
360_396099.0,4177668243,Bhatapada,0.0,0.0
360_396128.0,4177668243,Bhatapada,0.0,0.0
360_396098.0,4177668243,Bhatapada,0.0,0.0
360_395652.0,4534587813,BSPatna,0.15,0.01
360_396110.0,4534587813,BSPatna,0.07,0.01
360_396078.0,4177668243,Bhatapada,0.0,0.0
360_396161.0,4177668243,Bhatapada,0.0,0.0
360_396131.0,4177668243,Bhatapada,0.0,0.0
360_396218.0,4177668243,Bhatapada,0.0,0.0
360_396219.0,4177668243,Bhatapada,0.0,0.0
360_396150.0,4177668243,Bhatapada,0.0,0.0
360_396141.0,4177668243,Bhatapada,0.0,0.0
360_396142.0,4177668243,Bhatapada,0.0,0.0
360_395709.0,4534587813,BSPatna,0.15,0.01
360_395649.0,4534587813,BSPatna,0.15,0.01
360_396217.0,4177668243,Bhatapada,0.0,0.0
360_396123.0,4177668243,Bhatapada,0.0,0.0
360_395650.0,4534587813,BSPatna,0.15,0.01
360_396212.0,4177668243,Bhatapada,0.0,0.0
360_396209.0,4177668243,Bhatapada,0.0,0.0
360_396144.0,4177668243,Bhatapada,0.0,0.0
360_396140.0,4177668243,Bhatapada,0.0,0.0
360_396143.0,4177668243,Bhatapada,0.0,0.0
360_396097.0,4177668243,Bhatapada,0.0,0.0
360_396089.0,4177668243,Bhatapada,0.0,0.0
360_396129.0,4177668243,Bhatapada,0.0,0.0
360_396084.0,4177668243,Bhatapada,0.0,0.0
360_396154.0,4177668243,Bhatapada,0.0,0.0
360_396076.0,4177668243,Bhatapada,0.0,0.0
360_396151.0,4177668243,Bhatapada,0.0,0.0
360_395651.0,4534587813,BSPatna,0.15,0.01
360_396090.0,4177668243,Bhatapada,0.0,0.0
360_396085.0,4177668243,Bhatapada,0.0,0.0
360_396130.0,4177668243,Bhatapada,0.0,0.0
360_396152.0,4177668243,Bhatapada,0.0,0.0
360_396165.0,4177668243,Bhatapada,0.0,0.0
360_396133.0,4177668243,Bhatapada,0.0,0.0
360_396145.0,4177668243,Bhatapada,0.0,0.0
360_396136.0,4177668243,Bhatapada,0.0,0.0
360_396132.0,4177668243,Bhatapada,0.0,0.0
360_396162.0,4177668243,Bhatapada,0.0,0.0
360_396093.0,4177668243,Bhatapada,0.0,0.0
360_396163.0,4177668243,Bhatapada,0.0,0.0
360_396160.0,4177668243,Bhatapada,0.0,0.0
360_396137.0,4177668243,Bhatapada,0.0,0.0
360_396216.0,4177668243,Bhatapada,0.0,0.0
360_396208.0,4177668243,Bhatapada,0.0,0.0
360_396091.0,4177668243,Bhatapada,0.0,0.0
360_396108.0,4177668243,Bhatapada,0.0,0.0
360_396077.0,4177668243,Bhatapada,0.0,0.0
360_396083.0,4177668243,Bhatapada,0.0,0.0
360_396125.0,4177668243,Bhatapada,0.0,0.0
360_396126.0,4177668243,Bhatapada,0.0,0.0
360_396107.0,4177668243,Bhatapada,0.0,0.0
360_396100.0,4177668243,Bhatapada,0.0,0.0
360_396109.0,4177668243,Bhatapada,0.0,0.0
360_396106.0,4177668243,Bhatapada,0.0,0.0
360_395711.0,4534587813,BSPatna,0.07,0.01
360_396105.0,4177668243,Bhatapada,0.0,0.0
360_395712.0,4534587813,BSPatna,0.15,0.01
360_396101.0,4177668243,Bhatapada,0.0,0.0
360_396153.0,4177668243,Bhatapada,0.0,0.0
360_396172.0,4177668243,Bhatapada,0.0,0.0
360_395647.0,4177668243,Bhatapada,0.0,0.0
360_395592.0,4534587813,BSPatna,0.15,0.01
360_395642.0,4534587813,BSPatna,0.29,0.02
360_395641.0,4534587813,BSPatna,0.29,0.02
360_395603.0,1775588468,Dangamal,64.03,5.34
360_395594.0,4534587813,BSPatna,0.29,0.02
360_395598.0,5833743429,Garadpur,0.0,0.0
360_395600.0,5833743429,Garadpur,0.0,0.0
360_395602.0,5263844671,Gajarajpur,60.44,5.04
360_395646.0,4534587813,BSPatna,0.15,0.01
360_395593.0,4534587813,BSPatna,0.15,0.01
360_395596.0,4534587813,BSPatna,0.29,0.02
360_395640.0,5833743429,Garadpur,0.0,0.0
360_395599.0,5833743429,Garadpur,0.48,0.04
360_395645.0,4177668243,Bhatapada,0.0,0.0
360_395653.0,4534587813,BSPatna,0.29,0.02
360_395644.0,4177668243,Bhatapada,0.0,0.0
360_395595.0,4534587813,BSPatna,0.29,0.02
360_395601.0,5263844671,Gajarajpur,18.05,1.5
360_395597.0,5833743429,Garadpur,0.0,0.0
360_395643.0,4534587813,BSPatna,0.29,0.02
360_395713.0,4534587813,BSPatna,0.15,0.01
360_395726.0,5263844671,Gajarajpur,50.88,4.24
360_395919.0,4177668243,Bhatapada,0.0,0.0
360_395655.0,4534587813,BSPatna,0.29,0.02
360_396189.0,4177668243,Bhatapada,0.0,0.0
360_395917.0,4534587813,BSPatna,0.0,0.0
360_395925.0,4177668243,Bhatapada,0.0,0.0
360_395722.0,5833743429,Garadpur,0.48,0.04
360_396166.0,4177668243,Bhatapada,0.0,0.0
360_396201.0,4534587813,BSPatna,0.29,0.02
360_396196.0,4534587813,BSPatna,0.07,0.01
360_396199.0,4534587813,BSPatna,0.07,0.01
360_395705.0,4534587813,BSPatna,0.29,0.02
360_396191.0,4534587813,BSPatna,0.07,0.01
360_396207.0,4534587813,BSPatna,0.0,0.0
360_395706.0,4534587813,BSPatna,0.29,0.02
360_395676.0,5263844671,Gajarajpur,18.96,1.58
360_395704.0,4534587813,BSPatna,0.29,0.02
360_396111.0,4534587813,BSPatna,0.15,0.01
360_395924.0,4177668243,Bhatapada,0.0,0.0
360_396157.0,4177668243,Bhatapada,0.0,0.0
360_396115.0,4534587813,BSPatna,0.15,0.01
360_395698.0,5263844671,Gajarajpur,50.21,4.18
360_396180.0,4177668243,Bhatapada,0.0,0.0
360_395914.0,4534587813,BSPatna,0.0,0.0
360_396167.0,4177668243,Bhatapada,0.0,0.0
360_396190.0,4534587813,BSPatna,0.07,0.01
360_395927.0,4177668243,Bhatapada,0.0,0.0
360_396173.0,4177668243,Bhatapada,0.0,0.0
360_396114.0,4534587813,BSPatna,0.07,0.01
360_395721.0,5833743429,Garadpur,0.48,0.04
360_395747.0,5833743429,Garadpur,1.64,0.14
360_395725.0,5263844671,Gajarajpur,50.21,4.18
360_396195.0,4534587813,BSPatna,0.07,0.01
360_396175.0,4177668243,Bhatapada,0.0,0.0
360_396176.0,4177668243,Bhatapada,0.0,0.0
360_395912.0,4177668243,Bhatapada,0.0,0.0
360_395758.0,4534587813,BSPatna,0.0,0.0
360_396206.0,4534587813,BSPatna,0.0,0.0
360_396186.0,4534587813,BSPatna,0.07,0.01
360_396122.0,4177668243,Bhatapada,0.0,0.0
360_395657.0,5833743429,Garadpur,0.0,0.0
360_395931.0,4177668243,Bhatapada,0.0,0.0
360_396168.0,4177668243,Bhatapada,0.0,0.0
360_396181.0,4177668243,Bhatapada,0.0,0.0
360_395708.0,4534587813,BSPatna,0.29,0.02
360_395695.0,5263844671,Gajarajpur,29.3,2.44
360_395707.0,4534587813,BSPatna,0.29,0.02
360_396178.0,4177668243,Bhatapada,0.0,0.0
360_395697.0,5263844671,Gajarajpur,50.21,4.18
360_396121.0,4534587813,BSPatna,0.07,0.01
360_396193.0,4534587813,BSPatna,0.07,0.01
360_396198.0,4534587813,BSPatna,0.15,0.01
360_395922.0,4177668243,Bhatapada,0.0,0.0
360_395928.0,4177668243,Bhatapada,0.0,0.0
360_395929.0,4177668243,Bhatapada,0.0,0.0
360_395923.0,4177668243,Bhatapada,0.0,0.0
360_396188.0,4177668243,Bhatapada,0.0,0.0
360_396120.0,4534587813,BSPatna,0.07,0.01
360_395702.0,5833743429,Garadpur,0.48,0.04
360_396182.0,4177668243,Bhatapada,0.0,0.0
360_396187.0,4534587813,BSPatna,0.07,0.01
360_395915.0,4534587813,BSPatna,0.0,0.0
360_396112.0,4534587813,BSPatna,0.15,0.01
360_395916.0,4534587813,BSPatna,0.07,0.01
360_396179.0,4177668243,Bhatapada,0.0,0.0
360_395921.0,4177668243,Bhatapada,0.0,0.0
360_395907.0,4534587813,BSPatna,0.12,0.01
360_396156.0,4177668243,Bhatapada,0.0,0.0
360_395918.0,4177668243,Bhatapada,0.0,0.0
360_395930.0,4177668243,Bhatapada,0.0,0.0
360_395759.0,4534587813,BSPatna,0.0,0.0
360_396174.0,4177668243,Bhatapada,0.0,0.0
360_396183.0,4177668243,Bhatapada,0.0,0.0
360_396194.0,4534587813,BSPatna,0.07,0.01
360_396177.0,4177668243,Bhatapada,0.0,0.0
360_395661.0,5833743429,Garadpur,0.48,0.04
360_396184.0,4534587813,BSPatna,0.07,0.01
360_395662.0,5833743429,Garadpur,0.48,0.04
360_395675.0,5263844671,Gajarajpur,24.81,2.07
360_395748.0,4534587813,BSPatna,0.29,0.02
360_396119.0,4534587813,BSPatna,0.07,0.01
360_396197.0,4534587813,BSPatna,0.15,0.01
360_396118.0,4534587813,BSPatna,0.07,0.01
360_396113.0,4534587813,BSPatna,0.07,0.01
360_395746.0,4534587813,BSPatna,0.29,0.02
360_395718.0,5833743429,Garadpur,0.48,0.04
360_395743.0,5833743429,Garadpur,0.48,0.04
360_396185.0,4534587813,BSPatna,0.07,0.01
360_395744.0,5833743429,Garadpur,0.0,0.0
360_395701.0,5263844671,Gajarajpur,50.21,4.18
360_395719.0,4534587813,BSPatna,0.29,0.02
360_395723.0,5833743429,Garadpur,0.0,0.0
360_396116.0,4534587813,BSPatna,0.15,0.01
360_395724.0,5833743429,Garadpur,0.48,0.04
360_395717.0,4534587813,BSPatna,0.29,0.02
360_396117.0,4534587813,BSPatna,0.29,0.02
360_395720.0,5833743429,Garadpur,0.0,0.0
360_395714.0,4534587813,BSPatna,0.29,0.02
360_395715.0,4534587813,BSPatna,0.29,0.02
360_395716.0,4534587813,BSPatna,0.29,0.02
360_395699.0,5263844671,Gajarajpur,50.21,4.18
360_395703.0,5833743429,Garadpur,0.48,0.04
360_395696.0,5263844671,Gajarajpur,50.21,4.18
360_395700.0,5833743429,Garadpur,0.48,0.04
360_396192.0,4534587813,BSPatna,0.0,0.0
360_396205.0,4534587813,BSPatna,0.07,0.01
360_396204.0,4534587813,BSPatna,0.29,0.02
360_396169.0,4177668243,Bhatapada,0.0,0.0
360_395745.0,4534587813,BSPatna,0.29,0.02
360_396202.0,4534587813,BSPatna,0.15,0.01
360_396200.0,4534587813,BSPatna,0.15,0.01
360_395920.0,4177668243,Bhatapada,0.0,0.0
360_396203.0,4534587813,BSPatna,0.07,0.01
360_395910.0,5241281210,Rajnagar,5.78,0.48
360_395913.0,4534587813,BSPatna,0.0,0.0
360_395926.0,4177668243,Bhatapada,0.0,0.0
360_395728.0,5263844671,Gajarajpur,36.41,3.03
360_395683.0,5263844671,Gajarajpur,12.62,1.05
360_395887.0,6231352169,Gupti,55.13,4.59
360_395732.0,5263844671,Gajarajpur,15.36,1.28
360_395854.0,4534587813,BSPatna,6.8,0.57
360_395841.0,3741787539,Ghadiamala,5.22,0.43
360_395857.0,4534587813,BSPatna,6.8,0.57
360_395861.0,4534587813,BSPatna,6.8,0.57
360_395804.0,5263844671,Gajarajpur,33.2,2.77
360_395691.0,5263844671,Gajarajpur,0.31,0.03
360_395874.0,6231352169,Gupti,18.6,1.55
360_395694.0,5263844671,Gajarajpur,17.25,1.44
360_395855.0,4534587813,BSPatna,6.8,0.57
360_395690.0,5263844671,Gajarajpur,16.32,1.36
360_395871.0,6231352169,Gupti,33.39,2.78
360_395862.0,4534587813,BSPatna,6.8,0.57
360_395900.0,4534587813,BSPatna,4.71,0.39
360_395856.0,4534587813,BSPatna,6.8,0.57
360_395822.0,5263844671,Gajarajpur,1.85,0.15
360_395859.0,4534587813,BSPatna,6.8,0.57
360_395837.0,3741787539,Ghadiamala,0.33,0.03
360_395864.0,4534587813,BSPatna,6.8,0.57
360_395873.0,6231352169,Gupti,39.9,3.32
360_395852.0,4534587813,BSPatna,4.37,0.36
360_395899.0,4534587813,BSPatna,6.8,0.57
360_395894.0,4534587813,BSPatna,6.8,0.57
360_395756.0,4534587813,BSPatna,0.07,0.01
360_395835.0,3741787539,Ghadiamala,2.21,0.18
360_395749.0,5833743429,Garadpur,0.0,0.0
360_395896.0,4534587813,BSPatna,6.8,0.57
360_395886.0,6231352169,Gupti,60.9,5.07
360_395868.0,3741787539,Ghadiamala,5.22,0.43
360_395736.0,5263844671,Gajarajpur,38.95,3.25
360_395815.0,5263844671,Gajarajpur,28.63,2.39
360_395845.0,5263844671,Gajarajpur,65.76,5.48
360_395869.0,6231352169,Gupti,33.39,2.78
360_395752.0,4534587813,BSPatna,0.29,0.02
360_395850.0,4534587813,BSPatna,1.38,0.11
360_395733.0,5263844671,Gajarajpur,11.7,0.97
360_395757.0,4534587813,BSPatna,0.0,0.0
360_395849.0,4534587813,BSPatna,0.77,0.06
360_395865.0,6231352169,Gupti,62.0,5.17
360_395872.0,6231352169,Gupti,37.88,3.16
360_395870.0,6231352169,Gupti,38.48,3.21
360_395692.0,5263844671,Gajarajpur,12.06,1.01
360_395836.0,3741787539,Ghadiamala,5.22,0.43
360_395860.0,4534587813,BSPatna,6.8,0.57
360_395892.0,6231352169,Gupti,64.82,5.4
360_395893.0,1736744853,Junupangara,49.11,4.09
360_395904.0,4534587813,BSPatna,1.61,0.13
360_395839.0,3741787539,Ghadiamala,5.22,0.43
360_395741.0,5263844671,Gajarajpur,51.6,4.3
360_395824.0,3741787539,Ghadiamala,5.22,0.43
360_395816.0,5263844671,Gajarajpur,42.99,3.58
360_395729.0,5263844671,Gajarajpur,23.64,1.97
360_395693.0,5263844671,Gajarajpur,11.87,0.99
360_395866.0,4534587813,BSPatna,6.8,0.57
360_395753.0,4534587813,BSPatna,0.07,0.01
360_395821.0,5263844671,Gajarajpur,8.38,0.7
360_395825.0,5867868126,Rangani,65.37,5.45
360_395863.0,4534587813,BSPatna,6.8,0.57
360_395805.0,5263844671,Gajarajpur,27.0,2.25
360_395903.0,4534587813,BSPatna,1.61,0.13
360_395895.0,4534587813,BSPatna,6.8,0.57
360_395853.0,4534587813,BSPatna,6.8,0.57
360_395867.0,6231352169,Gupti,55.13,4.59
360_395858.0,4534587813,BSPatna,6.8,0.57
360_395838.0,6231352169,Gupti,2.08,0.17
360_395754.0,4534587813,BSPatna,0.07,0.01
360_395846.0,5263844671,Gajarajpur,72.94,6.08
360_395755.0,4534587813,BSPatna,6.94,0.58
360_395844.0,5263844671,Gajarajpur,62.42,5.2
360_395750.0,5833743429,Garadpur,0.48,0.04
360_395751.0,5833743429,Garadpur,1.06,0.09
360_395843.0,5263844671,Gajarajpur,60.45,5.04
360_395842.0,5263844671,Gajarajpur,43.26,3.61
360_395738.0,5263844671,Gajarajpur,60.03,5.0
360_395739.0,5263844671,Gajarajpur,61.36,5.11
360_395742.0,5263844671,Gajarajpur,61.36,5.11
360_395813.0,5263844671,Gajarajpur,1.85,0.15
360_395812.0,5263844671,Gajarajpur,2.58,0.21
360_395730.0,5263844671,Gajarajpur,16.35,1.36
360_395817.0,5263844671,Gajarajpur,39.36,3.28
360_395818.0,5263844671,Gajarajpur,31.99,2.67
360_395737.0,5263844671,Gajarajpur,50.21,4.18
360_395819.0,5263844671,Gajarajpur,25.43,2.12
360_395823.0,3741787539,Ghadiamala,5.22,0.43
360_395826.0,3741787539,Ghadiamala,2.21,0.18
360_395740.0,5263844671,Gajarajpur,50.21,4.18
360_395735.0,5263844671,Gajarajpur,29.64,2.47
360_395814.0,5263844671,Gajarajpur,18.65,1.55
360_395731.0,5263844671,Gajarajpur,31.52,2.63
360_395727.0,5263844671,Gajarajpur,47.74,3.98
360_395682.0,5263844671,Gajarajpur,13.32,1.11
360_395734.0,5263844671,Gajarajpur,36.88,3.07
360_395847.0,4534587813,BSPatna,6.45,0.54
360_395840.0,3741787539,Ghadiamala,5.22,0.43
360_395679.0,5263844671,Gajarajpur,11.7,0.97
360_395820.0,5263844671,Gajarajpur,17.35,1.45
360_395905.0,4534587813,BSPatna,0.12,0.01
360_395883.0,6231352169,Gupti,56.86,4.74
360_395906.0,4534587813,BSPatna,0.12,0.01
360_395888.0,6231352169,Gupti,58.2,4.85
360_395851.0,4534587813,BSPatna,1.16,0.1
360_395689.0,5263844671,Gajarajpur,35.33,2.94
360_395806.0,1826386862,Krushnanagar,0.0,0.0
360_395848.0,4534587813,BSPatna,3.3,0.27
360_395875.0,6231352169,Gupti,15.84,1.32
360_395889.0,6231352169,Gupti,64.82,5.4
360_395611.0,5263844671,Gajarajpur,60.44,5.04
360_395669.0,5263844671,Gajarajpur,23.59,1.97
360_395659.0,5833743429,Garadpur,0.48,0.04
360_395612.0,5263844671,Gajarajpur,53.18,4.43
360_395613.0,5263844671,Gajarajpur,53.18,4.43
360_395622.0,5263844671,Gajarajpur,54.46,4.54
360_395624.0,5263844671,Gajarajpur,53.18,4.43
360_395614.0,5263844671,Gajarajpur,60.44,5.04
360_395762.0,1775588468,Dangamal,23.68,1.97
360_395610.0,5263844671,Gajarajpur,59.09,4.92
360_395684.0,5263844671,Gajarajpur,15.62,1.3
360_395663.0,5263844671,Gajarajpur,50.21,4.18
360_395664.0,5263844671,Gajarajpur,18.18,1.51
360_395665.0,5263844671,Gajarajpur,14.25,1.19
360_395668.0,5263844671,Gajarajpur,24.04,2.0
360_395623.0,5263844671,Gajarajpur,58.08,4.84
360_395617.0,5263844671,Gajarajpur,53.18,4.43
360_395685.0,5263844671,Gajarajpur,39.2,3.27
360_395667.0,5263844671,Gajarajpur,50.21,4.18
360_395607.0,1775588468,Dangamal,64.33,5.36
360_395604.0,1775588468,Dangamal,64.85,5.4
360_395680.0,5263844671,Gajarajpur,37.7,3.14
360_395656.0,5833743429,Garadpur,0.0,0.0
360_395672.0,5263844671,Gajarajpur,14.44,1.2
360_395802.0,5263844671,Gajarajpur,56.02,4.67
360_395660.0,5833743429,Garadpur,0.48,0.04
360_395621.0,5263844671,Gajarajpur,53.18,4.43
360_395616.0,1775588468,Dangamal,64.03,5.34
360_395615.0,1775588468,Dangamal,64.03,5.34
360_395633.0,5263844671,Gajarajpur,26.77,2.23
360_395625.0,5263844671,Gajarajpur,15.62,1.3
360_395628.0,5263844671,Gajarajpur,39.2,3.27
360_395630.0,5263844671,Gajarajpur,53.18,4.43
360_395627.0,5263844671,Gajarajpur,53.18,4.43
360_395626.0,5263844671,Gajarajpur,15.62,1.3
360_395619.0,5263844671,Gajarajpur,39.2,3.27
360_395609.0,1775588468,Dangamal,64.03,5.34
360_395605.0,1775588468,Dangamal,64.03,5.34
360_395673.0,5263844671,Gajarajpur,14.25,1.19
360_395674.0,5263844671,Gajarajpur,14.5,1.21
360_395670.0,5263844671,Gajarajpur,14.25,1.19
360_395666.0,5263844671,Gajarajpur,18.95,1.58
360_395654.0,4534587813,BSPatna,0.29,0.02
360_395677.0,5263844671,Gajarajpur,12.62,1.05
360_395636.0,5833743429,Garadpur,0.48,0.04
360_395678.0,5263844671,Gajarajpur,12.62,1.05
360_395637.0,5833743429,Garadpur,0.08,0.01
360_395671.0,5263844671,Gajarajpur,14.63,1.22
360_395635.0,5833743429,Garadpur,0.48,0.04
360_395629.0,5263844671,Gajarajpur,14.25,1.19
360_395618.0,5263844671,Gajarajpur,39.2,3.27
360_395620.0,5263844671,Gajarajpur,39.2,3.27
360_395803.0,5263844671,Gajarajpur,57.94,4.83
360_395634.0,5263844671,Gajarajpur,21.75,1.81
360_395639.0,5833743429,Garadpur,0.48,0.04
360_395638.0,5263844671,Gajarajpur,50.21,4.18
360_395606.0,5263844671,Gajarajpur,53.18,4.43
360_395608.0,5263844671,Gajarajpur,53.18,4.43
360_395681.0,5263844671,Gajarajpur,39.2,3.27
360_395632.0,5263844671,Gajarajpur,18.29,1.52
360_395686.0,5263844671,Gajarajpur,56.65,4.72
360_395631.0,5263844671,Gajarajpur,14.26,1.19
360_395658.0,5833743429,Garadpur,0.0,0.0
360_395760.0,1775588468,Dangamal,35.36,2.95
360_395801.0,1775588468,Dangamal,27.88,2.32
360_395800.0,1826386862,Krushnanagar,0.0,0.0
360_395799.0,1826386862,Krushnanagar,0.0,0.0
360_395766.0,1826386862,Krushnanagar,0.0,0.0
360_395765.0,1826386862,Krushnanagar,0.0,0.0
360_395764.0,1826386862,Krushnanagar,0.0,0.0
360_395763.0,1826386862,Krushnanagar,0.0,0.0
360_395761.0,1775588468,Dangamal,26.7,2.23
360_395687.0,1775588468,Dangamal,64.03,5.34
360_395688.0,5263844671,Gajarajpur,52.96,4.41
360_396072.0,6231352169,Gupti,84.82,7.07
360_396067.0,5867868126,Rangani,70.43,5.87
360_395797.0,5867868126,Rangani,5.54,0.46
360_395796.0,5867868126,Rangani,24.97,2.08
360_395784.0,4716635885,Talchua,0.0,0.0
360_395880.0,6231352169,Gupti,84.11,7.01
360_395879.0,6231352169,Gupti,84.11,7.01
360_395878.0,6231352169,Gupti,61.22,5.1
360_395785.0,5867868126,Rangani,83.69,6.97
360_395782.0,5867868126,Rangani,83.69,6.97
360_396063.0,5867868126,Rangani,124.79,10.4
360_396065.0,5867868126,Rangani,83.16,6.93
360_396070.0,6231352169,Gupti,110.74,9.23
360_395770.0,1826386862,Krushnanagar,0.0,0.0
360_395783.0,4716635885,Talchua,0.0,0.0
360_395781.0,5867868126,Rangani,140.6,11.72
360_395778.0,4716635885,Talchua,0.0,0.0
360_396071.0,6231352169,Gupti,73.49,6.12
360_395786.0,5867868126,Rangani,61.77,5.15
360_395827.0,7337676576,Satabhya,26.28,2.19
360_396064.0,5867868126,Rangani,96.08,8.01
360_395795.0,5867868126,Rangani,9.68,0.81
360_395833.0,6231352169,Gupti,65.32,5.44
360_396069.0,6231352169,Gupti,112.58,9.38
360_396066.0,4716635885,Talchua,0.0,0.0
360_396068.0,6231352169,Gupti,121.49,10.12
360_395793.0,5867868126,Rangani,33.04,2.75
360_395834.0,7337676576,Satabhya,31.03,2.59
360_395790.0,5867868126,Rangani,59.01,4.92
360_395811.0,5867868126,Rangani,65.37,5.45
360_395808.0,5867868126,Rangani,65.37,5.45
360_395779.0,4716635885,Talchua,0.0,0.0
360_395771.0,1826386862,Krushnanagar,0.0,0.0
360_396062.0,4716635885,Talchua,0.0,0.0
360_395772.0,1826386862,Krushnanagar,0.0,0.0
360_395769.0,1826386862,Krushnanagar,0.0,0.0
360_395774.0,1826386862,Krushnanagar,0.0,0.0
360_395773.0,1826386862,Krushnanagar,0.0,0.0
360_395775.0,4716635885,Talchua,0.0,0.0
360_395776.0,4716635885,Talchua,0.0,0.0
360_395792.0,5867868126,Rangani,25.07,2.09
360_395791.0,5867868126,Rangani,44.6,3.72
360_395829.0,5867868126,Rangani,99.64,8.3
360_395832.0,6231352169,Gupti,76.31,6.36
360_395830.0,6231352169,Gupti,126.44,10.54
360_395809.0,5867868126,Rangani,65.37,5.45
360_395807.0,5867868126,Rangani,42.41,3.53
360_395787.0,5867868126,Rangani,71.77,5.98
360_395798.0,4716635885,Talchua,24.81,2.07
360_395794.0,4716635885,Talchua,2.48,0.21
360_395789.0,5867868126,Rangani,31.67,2.64
360_395788.0,5867868126,Rangani,52.01,4.33
360_395777.0,4716635885,Talchua,0.0,0.0
360_395881.0,6231352169,Gupti,81.37,6.78
360_395780.0,4716635885,Talchua,0.0,0.0
360_395876.0,6231352169,Gupti,64.89,5.41
360_395877.0,6231352169,Gupti,73.11,6.09
360_395831.0,6231352169,Gupti,126.44,10.54
360_395828.0,6231352169,Gupti,126.44,10.54
360_395767.0,1826386862,Krushnanagar,0.0,0.0
360_395768.0,1826386862,Krushnanagar,0.0,0.0
360_395810.0,5867868126,Rangani,65.37,5.45
