village_id,first_stop,assigned_dh_sdh,closest_facility_type,t_phc_min,t_chc_min,t_dh_sdh_min,d_phc_km,d_chc_km,d_dh_sdh_km,phc_is_functional,chc_is_functional,comment,travel_time_bike,travel_time_auto,car_emissions_kg,bike_emissions_kg,auto_emissions_kg,car_cost_inr,bike_cost_inr,auto_cost_inr
381000,1111454276,1111435853,PHC,0.0,55.71833333333333,77.83833333333334,0.0,55.420300000000005,87.7704,True,True,PHC is closer and functional,77.83833333333334,103.52498333333334,19.309487999999998,4.38852,6.143928,1053.2448,219.426,1316.556
380999,1111454276,1111435853,PHC,9.873333333333331,56.78833333333333,78.90833333333333,5.4413,54.876,87.2261,True,True,PHC is closer and functional,78.90833333333333,104.94808333333333,19.189742,4.361305000000001,6.105827000000001,1046.7132000000001,218.06525,1308.3915
380997,1111454276,1111435853,PHC,14.88,57.75,79.86999999999999,7.4662,54.8159,87.166,True,True,PHC is closer and functional,79.86999999999999,106.2271,19.17652,4.3583,6.1016200000000005,1045.992,217.915,1307.49
381002,1111454276,1111435853,PHC,1.778333333333333,57.49666666666667,79.61666666666666,1.1807999999999998,56.6011,88.9513,True,True,PHC is closer and functional,79.61666666666666,105.89016666666666,19.569286,4.447565,6.226591000000001,1067.4156,222.37825,1334.2695
380995,1111454276,1111435853,PHC,9.353333333333332,47.035,69.155,6.1183000000000005,49.5238,81.87389999999999,True,True,PHC is closer and functional,69.155,91.97615,18.012258,4.093694999999999,5.731173,982.4867999999999,204.68474999999998,1228.1084999999998
380998,1111454276,1111435853,PHC,10.63,57.545,79.66499999999999,6.5387,55.9734,88.3235,True,True,PHC is closer and functional,79.66499999999999,105.95445,19.431169999999998,4.416175,6.182645,1059.882,220.80874999999997,1324.8525
380996,1111454276,1111435853,PHC,5.36,52.79,74.91000000000001,3.2146,53.1685,85.5186,True,True,PHC is closer and functional,74.91000000000001,99.63030000000002,18.814092000000002,4.275930000000001,5.986302000000001,1026.2232000000001,213.7965,1282.779
380994,1111454276,1111435853,PHC,11.13,44.60833333333333,66.72833333333332,7.401,48.0193,80.3694,True,True,PHC is closer and functional,66.72833333333332,88.74868333333333,17.681268,4.01847,5.625858,964.4328,200.9235,1205.541
380993,1111454276,1111435853,PHC,12.735,44.85833333333333,66.97833333333332,8.2508,47.8886,80.2387,True,True,PHC is closer and functional,66.97833333333332,89.08118333333333,17.652514,4.011935,5.616709,962.8643999999999,200.59675,1203.5805
380988,1111454458,1111435853,PHC,12.518333333333334,36.885,59.005,8.6576,42.8736,75.2237,True,True,PHC is closer and functional,59.005,78.47665,16.549214,3.761185,5.265659,902.6843999999999,188.05925,1128.3555
381003,1111454276,1111435853,PHC,1.785,57.50333333333333,79.62333333333332,1.1853,56.6056,88.9557,True,True,PHC is closer and functional,79.62333333333332,105.89903333333332,19.570254,4.447785,6.226899,1067.4684,222.38924999999998,1334.3355
381004,1111454276,1111435853,PHC,58.415,105.33,127.45,36.8273,86.262,118.6121,True,True,PHC is closer and functional,127.45,169.50850000000003,26.094662,5.930605,8.302847,1423.3452,296.53025,1779.1815
380970,1111454243,1111435853,CHC,20.635,7.31,29.43,16.6124,9.0643,41.4144,True,True,CHC is closer and functional,29.43,39.1419,9.111168000000001,2.07072,2.8990080000000003,496.9728,103.536,621.216
381001,1111454276,1111435853,PHC,2.023333333333333,57.74166666666667,79.86166666666666,1.3447,56.765,89.11510000000001,True,True,PHC is closer and functional,79.86166666666666,106.21601666666668,19.605322000000005,4.455755000000001,6.238057000000001,1069.3812000000003,222.78775000000002,1336.7265000000002
380991,1111454276,1111435853,PHC,15.381666666666666,40.35666666666667,62.47666666666667,10.2368,45.1835,77.5336,True,True,PHC is closer and functional,62.47666666666667,83.09396666666667,17.057392,3.8766800000000003,5.427352000000001,930.4032000000001,193.834,1163.0040000000001
380992,1111454276,1111435853,PHC,14.221666666666666,42.195,64.315,9.3302,46.3174,78.66760000000001,True,True,PHC is closer and functional,64.315,85.53895,17.306872000000002,3.9333800000000005,5.506732000000001,944.0112000000001,196.669,1180.0140000000001
380974,1111454334,1111435853,PHC,8.55,9.44,31.56,12.1108,12.0786,44.4287,True,True,PHC is closer and functional,31.56,41.9748,9.774314,2.221435,3.1100090000000002,533.1444,111.07175,666.4304999999999
380971,1111454243,1111435853,CHC,9.396666666666668,8.593333333333334,30.71333333333333,13.3093,10.88,43.2301,True,True,CHC is closer and functional,30.71333333333333,40.848733333333335,9.510622,2.161505,3.026107,518.7612,108.07525,648.4515
380972,1111454243,1111435853,CHC,9.38,8.610000000000001,30.73,13.286,10.9033,43.2535,True,True,CHC is closer and functional,30.73,40.870900000000006,9.51577,2.162675,3.0277450000000004,519.042,108.13375,648.8025
380976,1111454334,1111435853,PHC,7.088333333333334,10.901666666666667,33.02166666666667,10.038,14.1513,46.5014,True,True,PHC is closer and functional,33.02166666666667,43.91881666666667,10.230307999999999,2.3250699999999997,3.2550980000000003,558.0168,116.25349999999999,697.521
380975,1111454334,1111435853,PHC,8.223333333333333,9.766666666666667,31.886666666666667,11.6483,12.541,44.8911,True,True,PHC is closer and functional,31.886666666666667,42.40926666666667,9.876042,2.244555,3.142377,538.6932,112.22775,673.3665
380989,1111454458,1111435853,PHC,12.5,36.86666666666667,58.986666666666665,8.6456,42.8615,75.2117,True,True,PHC is closer and functional,58.986666666666665,78.45226666666667,16.546574,3.760585,5.264819,902.5403999999999,188.02925,1128.1754999999998
380990,1111454276,1111435853,PHC,17.48166666666667,38.25666666666667,60.376666666666665,11.6353,43.785,76.1352,True,True,PHC is closer and functional,60.376666666666665,80.30096666666667,16.749744,3.80676,5.329464000000001,913.6224,190.338,1142.028
380977,1111454334,1111435853,PHC,2.61,15.38,37.5,3.7067,20.4826,52.8327,True,True,PHC is closer and functional,37.5,49.875,11.623194,2.6416350000000004,3.6982890000000004,633.9924000000001,132.08175,792.4905
380952,1111454458,1111435853,PHC,5.3133333333333335,30.74333333333333,52.86333333333334,2.9707,38.5504,70.9005,True,True,PHC is closer and functional,52.86333333333334,70.30823333333335,15.598109999999998,3.545025,4.963035,850.8059999999999,177.25124999999997,1063.5075
380953,1111454458,1111435853,PHC,0.0,27.77,49.89,0.0,37.2585,69.60860000000001,True,True,PHC is closer and functional,49.89,66.3537,15.313892000000003,3.4804300000000006,4.872602000000001,835.3032000000001,174.02150000000003,1044.1290000000001
380987,1111454458,1111435853,PHC,5.551666666666667,29.918333333333333,52.03833333333333,4.0199,38.235800000000005,70.5859,True,True,PHC is closer and functional,52.03833333333333,69.21098333333333,15.528898,3.529295,4.941013,847.0308,176.46474999999998,1058.7884999999999
380933,1111454334,1111435853,PHC,6.776666666666667,22.851666666666667,44.97166666666667,5.1837,26.6347,58.9848,True,True,PHC is closer and functional,44.97166666666667,59.812316666666675,12.976656,2.94924,4.128936,707.8176,147.462,884.772
380936,1111454334,1111435853,PHC,9.111666666666668,25.186666666666667,47.306666666666665,6.7473,28.1983,60.5484,True,True,PHC is closer and functional,47.306666666666665,62.91786666666667,13.320648,3.02742,4.2383880000000005,726.5808,151.371,908.226
380930,1111454334,1111435853,PHC,13.765,31.75333333333333,53.873333333333335,9.2707,33.46,65.8102,True,True,PHC is closer and functional,53.873333333333335,71.65153333333333,14.478243999999998,3.29051,4.606714,789.7223999999999,164.5255,987.1529999999999
380966,1111454334,1111435853,PHC,6.591666666666667,11.398333333333332,33.51833333333333,9.3358,14.8535,47.2036,True,True,PHC is closer and functional,33.51833333333333,44.57938333333333,10.384792000000001,2.36018,3.3042520000000004,566.4432,118.009,708.054
380944,1111454334,1111435853,PHC,4.48,20.555,42.675,3.6693,25.1203,57.4704,True,True,PHC is closer and functional,42.675,56.75775,12.643488,2.87352,4.022928,689.6448,143.676,862.0559999999999
380951,1111454458,1111435853,PHC,5.753333333333333,31.183333333333334,53.30333333333333,3.2541,38.8337,71.1838,True,True,PHC is closer and functional,53.30333333333333,70.89343333333333,15.660436,3.5591900000000005,4.9828660000000005,854.2056,177.95950000000002,1067.757
380929,1111454458,1111435853,PHC,12.375,28.040000000000003,50.16,10.4255,32.0115,64.3616,True,True,PHC is closer and functional,50.16,66.7128,14.159552,3.21808,4.505312,772.3391999999999,160.904,965.424
380934,1111454334,1111435853,PHC,9.99,26.065,48.185,6.7424,28.1934,60.5436,True,True,PHC is closer and functional,48.185,64.08605,13.319592,3.02718,4.238052000000001,726.5232,151.35899999999998,908.154
380931,1111454334,1111435853,PHC,8.22,26.20833333333333,48.32833333333333,7.1594,31.3487,63.698800000000006,True,True,PHC is closer and functional,48.32833333333333,64.27668333333334,14.013736000000002,3.1849400000000005,4.458916000000001,764.3856000000001,159.247,955.4820000000001
380965,1111454334,1111435853,PHC,6.989999999999999,11.0,33.12,9.8989,14.2904,46.6405,True,True,PHC is closer and functional,33.12,44.0496,10.26091,2.3320250000000002,3.2648350000000006,559.686,116.60125000000001,699.6075000000001
380967,1111454334,1111435853,PHC,8.363333333333333,9.626666666666669,31.746666666666663,11.8469,12.3424,44.6925,True,True,PHC is closer and functional,31.746666666666663,42.22306666666666,9.83235,2.2346250000000003,3.1284750000000003,536.3100000000001,111.73125,670.3875
380938,1111454334,1111435853,PHC,9.57,20.933333333333334,43.05333333333333,8.2222,22.9332,55.2833,True,True,PHC is closer and functional,43.05333333333333,57.26093333333333,12.162326,2.764165,3.869831,663.3996,138.20825,829.2494999999999
380942,1111454334,1111435853,PHC,2.918333333333333,15.071666666666664,37.19166666666667,4.1405,20.0488,52.398900000000005,True,True,PHC is closer and functional,37.19166666666667,49.464916666666674,11.527758,2.6199450000000004,3.6679230000000005,628.7868000000001,130.99725,785.9835
380941,1111454334,1111435853,PHC,5.193333333333333,12.796666666666663,34.916666666666664,7.3599,16.8294,49.1795,True,True,PHC is closer and functional,34.916666666666664,46.439166666666665,10.81949,2.458975,3.442565,590.154,122.94874999999999,737.6925
380973,1111454334,1111435853,PHC,8.056666666666667,9.933333333333334,32.053333333333335,11.4109,12.7784,45.1285,True,True,PHC is closer and functional,32.053333333333335,42.63093333333334,9.928270000000001,2.256425,3.1589950000000004,541.542,112.82125,676.9275
380949,1111454334,1111435853,PHC,6.488333333333333,24.476666666666667,46.59666666666667,6.3331,30.5224,62.8725,True,True,PHC is closer and functional,46.59666666666667,61.97356666666668,13.83195,3.143625,4.4010750000000005,754.47,157.18125,943.0875000000001
380960,1111454334,1111435853,PHC,0.8316666666666667,17.15666666666667,39.27666666666666,1.1807,23.0086,55.3587,True,True,PHC is closer and functional,39.27666666666666,52.23796666666666,12.178914,2.767935,3.875109,664.3044,138.39675,830.3805
380961,1111454334,1111435853,PHC,1.5883333333333334,16.401666666666667,38.52166666666667,2.2555,21.9338,54.2839,True,True,PHC is closer and functional,38.52166666666667,51.23381666666667,11.942458,2.714195,3.7998730000000007,651.4068,135.70975,814.2585
380948,1111454334,1111435853,PHC,3.418333333333333,21.40666666666667,43.52666666666666,2.3887,26.578,58.9281,True,True,PHC is closer and functional,43.52666666666666,57.890466666666654,12.964182000000001,2.9464050000000004,4.124967000000001,707.1372,147.32025,883.9215
380957,1111454334,1111435853,PHC,2.8266666666666667,20.815,42.935,3.4525,27.6418,59.9919,True,True,PHC is closer and functional,42.935,57.103550000000006,13.198218,2.9995950000000002,4.199433000000001,719.9028000000001,149.97975,899.8785
380945,1111454334,1111435853,PHC,4.541666666666667,19.78,41.9,3.1966,23.5863,55.9365,True,True,PHC is closer and functional,41.9,55.727000000000004,12.30603,2.796825,3.9155550000000003,671.238,139.84125,839.0475
380937,1111454334,1111435853,PHC,7.301666666666667,23.376666666666665,45.49666666666667,5.5425,26.9935,59.3436,True,True,PHC is closer and functional,45.49666666666667,60.510566666666676,13.055592,2.9671800000000004,4.154052000000001,712.1232,148.359,890.154
380928,1111454334,1111435853,PHC,15.963333333333331,33.95166666666667,56.07166666666667,10.186,34.3753,66.7254,True,True,PHC is closer and functional,56.07166666666667,74.57531666666668,14.679587999999999,3.33627,4.670778,800.7048,166.81349999999998,1000.8809999999999
380935,1111454334,1111435853,PHC,13.185,29.26,51.38,9.4554,30.9064,63.2565,True,True,PHC is closer and functional,51.38,68.3354,13.91643,3.162825,4.427955000000001,759.078,158.14125,948.8475000000001
380955,1111454458,1111435853,PHC,4.4816666666666665,23.341666666666665,45.461666666666666,5.5005,31.7592,64.1093,True,True,PHC is closer and functional,45.461666666666666,60.464016666666666,14.104046,3.2054650000000002,4.4876510000000005,769.3116,160.27325000000002,961.6395000000001
380964,1111454334,1111435853,PHC,4.005,13.985,36.105,5.6784,18.510900000000003,50.861,True,True,PHC is closer and functional,36.105,48.01965,11.18942,2.54305,3.56027,610.332,127.15249999999999,762.915
380932,1111454334,1111435853,PHC,8.893333333333334,25.66166666666667,47.781666666666666,5.0941,28.4002,60.7503,True,True,PHC is closer and functional,47.781666666666666,63.54961666666667,13.365066,3.0375150000000004,4.252521000000001,729.0036,151.87575,911.2545
380950,1111454334,1111435853,PHC,6.7283333333333335,24.716666666666665,46.836666666666666,7.0281,31.2174,63.5675,True,True,PHC is closer and functional,46.836666666666666,62.29276666666667,13.98485,3.1783750000000004,4.449725000000001,762.8100000000001,158.91875000000002,953.5125
380983,1111454334,1111435853,PHC,4.491666666666666,22.48,44.6,6.3549,30.5442,62.8943,True,True,PHC is closer and functional,44.6,59.318000000000005,13.836746,3.144715,4.402601000000001,754.7316000000001,157.23575,943.4145
380940,1111454334,1111435853,PHC,5.633333333333334,12.356666666666666,34.47666666666667,7.985,16.2043,48.5544,True,True,PHC is closer and functional,34.47666666666667,45.85396666666667,10.681968,2.4277200000000003,3.3988080000000003,582.6528000000001,121.386,728.316
380943,1111454334,1111435853,PHC,5.836666666666667,18.098333333333336,40.21833333333333,3.6898,21.5151,53.865300000000005,True,True,PHC is closer and functional,40.21833333333333,53.49038333333333,11.850366000000001,2.6932650000000002,3.770571000000001,646.3836000000001,134.66325,807.9795
380939,1111454334,1111435853,PHC,11.975,23.33833333333333,45.458333333333336,9.2243,23.9353,56.2854,True,True,PHC is closer and functional,45.458333333333336,60.45958333333334,12.382788000000001,2.8142700000000005,3.9399780000000004,675.4248,140.7135,844.2810000000001
380968,1111454334,1111435853,PHC,8.965,9.025,31.145,12.6971,11.4922,43.842400000000005,True,True,PHC is closer and functional,31.145,41.422850000000004,9.645328000000001,2.1921200000000005,3.068968000000001,526.1088000000001,109.60600000000001,657.6360000000001
380946,1111454334,1111435853,PHC,3.771666666666667,19.846666666666668,41.96666666666667,2.9014,24.352400000000003,56.7025,True,True,PHC is closer and functional,41.96666666666667,55.81566666666667,12.47455,2.835125,3.9691750000000003,680.4300000000001,141.75625,850.5375
380947,1111454334,1111435853,PHC,4.598333333333333,22.30666666666667,44.42666666666666,2.9197,25.3437,57.6939,True,True,PHC is closer and functional,44.42666666666666,59.087466666666664,12.692658,2.8846950000000002,4.038573,692.3268,144.23475,865.4085
380986,1111454458,1111435853,PHC,5.091666666666667,29.45833333333333,51.57833333333333,3.4415,37.6575,70.00760000000001,True,True,PHC is closer and functional,51.57833333333333,68.59918333333334,15.401672000000003,3.5003800000000007,4.900532000000001,840.0912000000001,175.01900000000003,1050.1140000000003
380982,1111454334,1111435853,PHC,1.7416666666666667,19.73,41.85,2.4725,26.6618,59.0119,True,True,PHC is closer and functional,41.85,55.660500000000006,12.982617999999999,2.950595,4.130833,708.1428,147.52974999999998,885.1785
380963,1111454334,1111435853,PHC,2.66,15.33,37.45,3.7756,20.4137,52.7638,True,True,PHC is closer and functional,37.45,49.80850000000001,11.608036,2.6381900000000003,3.693466000000001,633.1656,131.9095,791.4570000000001
380956,1111454334,1111435853,PHC,1.935,19.923333333333336,42.04333333333333,2.7446,26.934,59.2841,True,True,PHC is closer and functional,42.04333333333333,55.917633333333335,13.042502,2.964205,4.1498870000000005,711.4092,148.21025,889.2615000000001
380969,1111454243,1111435853,CHC,10.026666666666667,7.963333333333334,30.08333333333333,14.1992,9.9901,42.340300000000006,True,True,CHC is closer and functional,30.08333333333333,40.01083333333333,9.314866000000002,2.1170150000000003,2.9638210000000007,508.08360000000005,105.85075000000002,635.1045000000001
380981,1111454334,1111435853,PHC,1.145,19.133333333333333,41.25333333333333,1.6234000000000002,25.8127,58.1628,True,True,PHC is closer and functional,41.25333333333333,54.866933333333336,12.795816,2.90814,4.071396,697.9535999999999,145.40699999999998,872.442
380958,1111454334,1111435853,PHC,0.0,17.988333333333333,40.10833333333333,0.0,24.1893,56.5394,True,True,PHC is closer and functional,40.10833333333333,53.34408333333333,12.438668,2.82697,3.9577580000000006,678.4728,141.3485,848.091
380959,1111454334,1111435853,PHC,1.6183333333333332,17.69333333333333,39.81333333333334,1.7715,23.2225,55.5727,True,True,PHC is closer and functional,39.81333333333334,52.951733333333344,12.225994,2.778635,3.890089,666.8724,138.93175,833.5905
380954,1111454458,1111435853,PHC,2.875,24.94833333333333,47.068333333333335,3.2291,34.0305,66.3806,True,True,PHC is closer and functional,47.068333333333335,62.600883333333336,14.603732,3.31903,4.646642000000001,796.5672,165.9515,995.7090000000001
380985,1111454458,1111435853,PHC,2.725,25.098333333333336,47.21833333333333,3.0161,34.2436,66.5937,True,True,PHC is closer and functional,47.21833333333333,62.80038333333333,14.650614,3.329685,4.6615590000000005,799.1243999999999,166.48425,998.9055
380962,1111454334,1111435853,PHC,2.575,15.415,37.535,3.6568,20.5325,52.8826,True,True,PHC is closer and functional,37.535,49.921549999999996,11.634172,2.64413,3.701782,634.5912,132.2065,793.2389999999999
380980,1111454334,1111435853,PHC,0.0483333333333333,18.03666666666667,40.156666666666666,0.0698,24.2591,56.6092,True,True,PHC is closer and functional,40.156666666666666,53.408366666666666,12.454024,2.8304600000000004,3.9626440000000005,679.3104000000001,141.523,849.138
380979,1111454334,1111435853,PHC,0.1066666666666666,18.095,40.215,0.1510999999999999,24.3404,56.6905,True,True,PHC is closer and functional,40.215,53.48595000000001,12.47191,2.834525,3.968335,680.2860000000001,141.72625,850.3575
380978,1111454334,1111435853,PHC,1.5450000000000002,16.445,38.565000000000005,2.1919,21.9975,54.3476,True,True,PHC is closer and functional,38.565000000000005,51.29145000000001,11.956472,2.7173800000000004,3.8043320000000005,652.1712,135.869,815.2139999999999
380984,1111454458,1111435853,PHC,4.79,23.03333333333333,45.15333333333333,5.9317,31.327900000000003,63.6781,True,True,PHC is closer and functional,45.15333333333333,60.05393333333333,14.009182000000001,3.183905,4.457467,764.1372,159.19525,955.1715
381047,1111454540,1111435853,PHC,13.328333333333337,50.48833333333334,59.12,6.6286000000000005,32.196400000000004,50.3018,True,True,PHC is closer and functional,59.12,78.6296,11.066396,2.5150900000000003,3.521126,603.6216,125.75450000000001,754.527
381071,1111454540,1111435853,PHC,16.333333333333332,56.15833333333333,63.755,6.781,33.4063,43.9113,True,True,PHC is closer and functional,63.755,84.79415,9.660485999999999,2.1955649999999998,3.073791,526.9356,109.77824999999999,658.6695
381068,1111454540,1111435853,PHC,16.09,55.915,63.51166666666666,6.68,33.3052,43.810300000000005,True,True,PHC is closer and functional,63.51166666666666,84.47051666666667,9.638266000000002,2.1905150000000004,3.0667210000000007,525.7236,109.52575000000002,657.1545000000001
381031,1111454573,1111435853,PHC,15.841666666666669,22.85833333333333,44.97833333333333,10.5149,16.3702,48.7204,True,True,PHC is closer and functional,44.97833333333333,59.82118333333334,10.718487999999999,2.43602,3.410428,584.6448,121.80099999999999,730.8059999999999
381019,1111454243,1111435853,CHC,12.448333333333332,10.075,32.195,8.2699,6.8173,39.1674,True,True,CHC is closer and functional,32.195,42.81935,8.616828,1.9583700000000002,2.741718,470.0088,97.9185,587.511
381016,1111454243,1111435853,CHC,14.405,5.498333333333333,27.61833333333333,9.5089,4.8421,37.1923,True,True,CHC is closer and functional,27.61833333333333,36.73238333333333,8.182306,1.8596150000000002,2.6034610000000002,446.30760000000004,92.98075,557.8845
381053,1111454540,1111435853,PHC,12.591666666666669,49.751666666666665,58.38333333333333,6.3223,31.8902,49.9956,True,True,PHC is closer and functional,58.38333333333333,77.64983333333333,10.999032000000001,2.4997800000000003,3.4996920000000005,599.9472000000001,124.989,749.9340000000001
381050,1111454573,1111435853,PHC,14.76,19.075,32.28333333333333,9.4121,12.7606,34.2935,True,True,PHC is closer and functional,32.28333333333333,42.93683333333333,7.54457,1.7146750000000002,2.400545,411.52200000000005,85.73375,514.4025
381048,1111454425,1111435853,PHC,18.015,23.673333333333336,32.305,10.8142,15.6457,33.7511,True,True,PHC is closer and functional,32.305,42.965650000000004,7.425242,1.6875550000000001,2.3625770000000004,405.0132,84.37775,506.2665
381015,1111454243,1111435853,CHC,17.86,4.535,26.655,12.6704,5.1223,37.4724,True,True,CHC is closer and functional,26.655,35.451150000000005,8.243928,1.87362,2.6230680000000004,449.66880000000003,93.681,562.086
381037,1111454573,1111435853,PHC,16.828333333333333,24.21,43.33166666666667,9.186,15.1403,39.8562,True,True,PHC is closer and functional,43.33166666666667,57.63111666666668,8.768364,1.9928100000000002,2.789934,478.2744,99.6405,597.8430000000001
381034,1111454573,1111435853,PHC,9.383333333333333,19.501666666666665,41.62166666666667,5.453,13.3668,45.7169,True,True,PHC is closer and functional,41.62166666666667,55.356816666666674,10.057718000000001,2.285845,3.2001830000000004,548.6028,114.29225000000001,685.7535
381036,1111454573,1111435853,PHC,7.065,26.040000000000003,48.16,3.6456,16.4641,48.8142,True,True,PHC is closer and functional,48.16,64.0528,10.739124,2.44071,3.4169940000000003,585.7704,122.0355,732.213
381035,1111454573,1111435853,PHC,0.0,19.84,41.96,0.0,14.351,46.7012,True,True,PHC is closer and functional,41.96,55.8068,10.274264,2.33506,3.2690840000000003,560.4144,116.753,700.518
381072,1111454540,1111435853,PHC,21.175,61.0,68.59666666666666,8.7947,35.4199,45.9249,True,True,PHC is closer and functional,68.59666666666666,91.23356666666666,10.103478,2.2962450000000003,3.2147430000000004,551.0988,114.81225,688.8735
381067,1111454540,1111435853,PHC,10.223333333333333,50.04833333333333,58.68,4.2447,30.87,48.9753,True,True,PHC is closer and functional,58.68,78.04440000000001,10.774566,2.448765,3.428271,587.7035999999999,122.43825,734.6295
381065,1111454540,1111435853,PHC,6.976666666666668,46.80166666666666,55.43333333333333,2.8951,29.5203,47.6257,True,True,PHC is closer and functional,55.43333333333333,73.72633333333333,10.477654000000001,2.381285,3.3337990000000004,571.5084,119.06425,714.3855
381029,1111454573,1111435853,PHC,9.776666666666667,16.925,39.045,6.2533,12.1086,44.4587,True,True,PHC is closer and functional,39.045,51.92985,9.780914000000001,2.222935,3.1121090000000002,533.5044,111.14675,666.8805
381028,1111454573,1111435853,PHC,9.336666666666668,14.558333333333334,36.67833333333333,6.1562,10.7838,43.1339,True,True,PHC is closer and functional,36.67833333333333,48.78218333333333,9.489457999999999,2.156695,3.019373,517.6068,107.83474999999999,647.0084999999999
381059,1111454540,1111435853,PHC,4.508333333333334,35.29333333333333,43.925,2.6879,23.9374,42.0427,True,True,PHC is closer and functional,43.925,58.420249999999996,9.249394,2.102135,2.9429890000000007,504.51240000000007,105.10675,630.6405000000001
381058,1111454540,1111435853,PHC,0.0,39.825,48.45666666666667,0.0,26.6253,44.7306,True,True,PHC is closer and functional,48.45666666666667,64.44736666666668,9.840732000000001,2.23653,3.1311420000000005,536.7672,111.82650000000001,670.9590000000001
381061,1111454540,1111435853,PHC,10.273333333333332,21.71,38.16,6.5284,14.5334,38.2022,True,True,PHC is closer and functional,38.16,50.7528,8.404484,1.91011,2.674154,458.42639999999994,95.5055,573.033
381027,1111454243,1111435853,CHC,10.24,9.663333333333332,31.78333333333333,6.7399,7.6111,39.9613,True,True,CHC is closer and functional,31.78333333333333,42.27183333333333,8.791486,1.9980650000000002,2.7972910000000004,479.53560000000004,99.90325,599.4195
381055,1111454540,1111435853,PHC,8.996666666666666,46.156666666666666,54.78833333333333,5.3955,30.9634,49.0687,True,True,PHC is closer and functional,54.78833333333333,72.86848333333333,10.795114,2.4534350000000003,3.4348090000000004,588.8244,122.67175,736.0305
381060,1111454540,1111435853,PHC,7.203333333333333,24.78,41.23,4.4847,16.577,40.2459,True,True,PHC is closer and functional,41.23,54.8359,8.854098,2.012295,2.817213,482.95079999999996,100.61475,603.6885
381051,1111454540,1111435853,PHC,9.313333333333333,46.473333333333336,55.105,5.6049,31.1727,49.2781,True,True,PHC is closer and functional,55.105,73.28965,10.841182,2.4639050000000005,3.4494670000000003,591.3372,123.19525,739.1715
381026,1111454573,1111435853,PHC,9.511666666666668,16.483333333333334,38.6,6.2351,11.078,38.4096,True,True,PHC is closer and functional,38.6,51.33800000000001,8.450111999999999,1.92048,2.688672,460.91519999999997,96.024,576.144
381014,1111454243,1111435853,CHC,18.885,5.5600000000000005,27.68,14.1296,6.581600000000001,38.9317,True,True,CHC is closer and functional,27.68,36.8144,8.564974,1.946585,2.725219,467.18039999999996,97.32925,583.9755
381052,1111454540,1111435853,PHC,9.313333333333333,46.473333333333336,55.105,5.6049,31.1727,49.2781,True,True,PHC is closer and functional,55.105,73.28965,10.841182,2.4639050000000005,3.4494670000000003,591.3372,123.19525,739.1715
381137,Village→DH/SDH,1111435853,DH/SDH,80.52333333333333,47.27166666666667,36.638333333333335,39.3127,36.517300000000006,25.1022,True,True,Direct to DH/SDH,36.638333333333335,48.72898333333334,5.522484,1.2551100000000002,1.757154,301.2264,62.7555,376.533
381018,1111454243,1111435853,CHC,16.221666666666668,6.301666666666667,28.421666666666667,10.785,4.3022,36.6523,True,True,CHC is closer and functional,28.421666666666667,37.80081666666667,8.063505999999999,1.8326149999999999,2.565661,439.82759999999996,91.63074999999999,549.7845
381012,1111454243,1111435853,CHC,18.48,5.155,27.275,13.5526,6.0046,38.3547,True,True,CHC is closer and functional,27.275,36.27575,8.438034,1.9177350000000002,2.684829,460.2564,95.88675,575.3205
381049,1111454573,1111435853,PHC,15.68,19.895,38.86,9.3772,12.34,34.7046,True,True,PHC is closer and functional,38.86,51.683800000000005,7.635012,1.73523,2.429322,416.4552,86.7615,520.569
381045,1111436240,1111435853,CHC,21.001666666666665,13.435,27.771666666666665,14.8274,8.097,25.9346,True,True,CHC is closer and functional,27.771666666666665,36.93631666666666,5.705612,1.2967300000000002,1.815422,311.2152,64.8365,389.019
381021,1111454425,1111435853,PHC,16.601666666666667,23.46,30.891666666666666,9.9411,21.3858,32.878,True,True,PHC is closer and functional,30.891666666666666,41.08591666666667,7.23316,1.6439000000000001,2.30146,394.536,82.195,493.17
381017,1111454573,1111435853,CHC,19.88,0.0,25.401666666666664,14.351,0.0,34.4209,True,True,PHC is closer and functional,25.401666666666664,33.784216666666666,7.572598000000001,1.7210450000000002,2.4094630000000006,413.05080000000004,86.05225000000002,516.3135000000001
381025,1111454573,1111435853,PHC,9.55,12.973333333333333,35.093333333333334,6.3352,8.752,41.1021,True,True,PHC is closer and functional,35.093333333333334,46.67413333333334,9.042462,2.055105,2.8771470000000003,493.2252,102.75525,616.5315
381073,1111454425,1111435853,PHC,18.015,23.673333333333336,32.305,10.8142,15.6457,33.7511,True,True,PHC is closer and functional,32.305,42.965650000000004,7.425242,1.6875550000000001,2.3625770000000004,405.0132,84.37775,506.2665
381013,1111454243,1111435853,CHC,19.761666666666667,6.4366666666666665,28.55666666666667,15.3746,7.8266,40.1767,True,True,CHC is closer and functional,28.55666666666667,37.98036666666667,8.838873999999999,2.008835,2.812369,482.12039999999996,100.44174999999998,602.6505
381044,1111454425,1111435853,PHC,14.273333333333332,19.93166666666667,28.563333333333333,8.882200000000001,13.7137,31.819,True,True,PHC is closer and functional,28.563333333333333,37.98923333333333,7.000179999999999,1.59095,2.2273300000000003,381.828,79.5475,477.28499999999997
381020,1111454243,1111435853,CHC,13.565,8.958333333333334,31.078333333333333,9.0123,6.0748,38.4249,True,True,CHC is closer and functional,31.078333333333333,41.334183333333335,8.453478,1.921245,2.6897430000000004,461.0988,96.06225,576.3735
381024,1111454425,1111435853,PHC,16.631666666666668,23.49,30.921666666666667,9.6102,21.0549,32.5471,True,True,PHC is closer and functional,30.921666666666667,41.12581666666667,7.160362,1.627355,2.2782970000000002,390.5652,81.36775,488.2065
381032,1111454573,1111435853,PHC,9.383333333333333,19.501666666666665,41.62166666666667,5.453,13.3668,45.7169,True,True,PHC is closer and functional,41.62166666666667,55.356816666666674,10.057718000000001,2.285845,3.2001830000000004,548.6028,114.29225000000001,685.7535
381033,1111454573,1111435853,PHC,9.383333333333333,19.501666666666665,41.62166666666667,5.453,13.3668,45.7169,True,True,PHC is closer and functional,41.62166666666667,55.356816666666674,10.057718000000001,2.285845,3.2001830000000004,548.6028,114.29225000000001,685.7535
381062,1111454540,1111435853,PHC,16.38,23.65666666666667,40.10666666666667,10.5171,15.8258,39.4947,True,True,PHC is closer and functional,40.10666666666667,53.341866666666675,8.688834,1.9747350000000001,2.7646290000000002,473.93640000000005,98.73675,592.4205000000001
381064,1111454540,1111435853,PHC,16.38,23.65666666666667,40.10666666666667,10.5171,15.8258,39.4947,True,True,PHC is closer and functional,40.10666666666667,53.341866666666675,8.688834,1.9747350000000001,2.7646290000000002,473.93640000000005,98.73675,592.4205000000001
381063,1111454540,1111435853,PHC,16.468333333333334,23.745,40.195,10.575,15.8837,39.5525,True,True,PHC is closer and functional,40.195,53.45935,8.701550000000001,1.9776250000000002,2.7686750000000004,474.63,98.88125000000001,593.2875
381038,1111454573,1111435853,PHC,8.575,27.55,49.67,4.2728,17.0912,49.441300000000005,True,True,PHC is closer and functional,49.67,66.06110000000001,10.877086000000002,2.4720650000000006,3.4608910000000006,593.2956,123.60325000000002,741.6195000000001
381030,1111454573,1111435853,PHC,13.355,20.371666666666663,42.49166666666667,8.8624,14.7177,47.067800000000005,True,True,PHC is closer and functional,42.49166666666667,56.51391666666667,10.354916000000001,2.3533900000000005,3.294746000000001,564.8136000000001,117.66950000000001,706.017
381070,1111454540,1111435853,PHC,16.345000000000002,56.17,63.766666666666666,6.7858,33.4111,43.9161,True,True,PHC is closer and functional,63.766666666666666,84.80966666666667,9.661542,2.195805,3.0741270000000003,526.9932,109.79025,658.7415
381046,1111436240,1111435853,CHC,21.001666666666665,13.435,27.771666666666665,14.8274,8.097,25.9346,True,True,CHC is closer and functional,27.771666666666665,36.93631666666666,5.705612,1.2967300000000002,1.815422,311.2152,64.8365,389.019
381069,1111454540,1111435853,PHC,12.015,51.84,59.43666666666666,4.9878,31.613,42.1181,True,True,PHC is closer and functional,59.43666666666666,79.05076666666666,9.265982,2.105905,2.948267,505.4172,105.29525,631.7715
381056,1111454540,1111435853,PHC,6.845,44.005,52.63666666666666,3.4272,28.995,47.1004,True,True,PHC is closer and functional,52.63666666666666,70.00676666666666,10.362088,2.35502,3.2970280000000005,565.2048,117.751,706.506
381057,1111454540,1111435853,PHC,7.343333333333334,44.50333333333333,53.135,3.6366,29.2045,47.3098,True,True,PHC is closer and functional,53.135,70.66955,10.408156,2.3654900000000003,3.3116860000000004,567.7176000000001,118.2745,709.647
381054,1111454540,1111435853,PHC,10.6,47.76,56.391666666666666,5.4154,30.9833,49.0886,True,True,PHC is closer and functional,56.391666666666666,75.00091666666667,10.799492,2.4544300000000003,3.436202,589.0632,122.72149999999999,736.329
381136,Village→DH/SDH,1111435853,DH/SDH,78.15,44.89833333333333,34.265,38.3415,35.5461,24.131,True,True,Direct to DH/SDH,34.265,45.57245,5.30882,1.20655,1.6891700000000003,289.572,60.3275,361.96500000000003
381066,1111454540,1111435853,PHC,9.658333333333331,49.48333333333333,58.115,4.0124,30.6377,48.743,True,True,PHC is closer and functional,58.115,77.29295,10.723460000000001,2.4371500000000004,3.4120100000000004,584.916,121.8575,731.145
381087,1111436273,1111435853,CHC,23.90833333333333,15.001666666666669,28.166666666666668,13.1549,6.4481,22.8492,True,True,CHC is closer and functional,28.166666666666668,37.46166666666667,5.026824,1.14246,1.599444,274.1904,57.123,342.738
381009,1111454243,1111435853,CHC,11.621666666666666,7.239999999999999,20.476666666666667,8.163,7.7822,27.574,True,True,CHC is closer and functional,20.476666666666667,27.233966666666667,6.066280000000001,1.3787000000000003,1.9301800000000002,330.88800000000003,68.935,413.61
381011,1111454243,1111435853,CHC,25.023333333333333,8.831666666666667,33.87833333333334,18.0744,4.7666,37.4854,True,True,CHC is closer and functional,33.87833333333334,45.05818333333334,8.246788,1.87427,2.623978,449.8248,93.7135,562.281
381042,1111454425,1111435853,PHC,8.858333333333333,10.816666666666666,17.71333333333333,5.1335,10.9659,24.5445,True,True,PHC is closer and functional,17.71333333333333,23.558733333333333,5.39979,1.227225,1.718115,294.534,61.36125,368.1675
381006,1111454425,1111435853,PHC,15.796666666666663,17.408333333333335,25.008333333333333,9.675,16.5478,27.9325,True,True,PHC is closer and functional,25.008333333333333,33.26108333333333,6.14515,1.3966250000000002,1.9552750000000003,335.19,69.83125,418.9875
381083,1111436273,1111435853,CHC,5.694999999999999,4.246666666666667,17.41166666666667,3.7232,3.8739,20.2749,True,True,CHC is closer and functional,17.41166666666667,23.15751666666667,4.460478,1.013745,1.419243,243.29879999999997,50.68725,304.1235
381090,1111436273,1111435853,CHC,17.153333333333332,8.246666666666666,21.41166666666667,10.3234,3.6166,20.0177,True,True,CHC is closer and functional,21.41166666666667,28.47751666666667,4.403894,1.000885,1.4012390000000001,240.2124,50.044250000000005,300.26550000000003
381040,1111454425,1111435853,PHC,18.066666666666663,20.381666666666668,27.27833333333333,10.1592,14.838,28.4167,True,True,PHC is closer and functional,27.27833333333333,36.280183333333326,6.2516739999999995,1.420835,1.9891690000000002,341.0004,71.04175,426.2505
381074,1111436273,1111435853,CHC,13.265,5.0633333333333335,10.778333333333334,11.48,5.284,15.022,True,True,CHC is closer and functional,10.778333333333334,14.335183333333335,3.30484,0.7511000000000001,1.0515400000000001,180.264,37.555,225.33
381102,1111436240,1111435853,CHC,11.831666666666669,8.418333333333333,12.211666666666668,9.4505,8.714799999999999,17.0515,True,True,CHC is closer and functional,12.211666666666668,16.24151666666667,3.7513300000000003,0.8525750000000001,1.1936050000000002,204.618,42.628750000000004,255.7725
381085,1111436273,1111435853,CHC,23.90833333333333,15.001666666666669,28.166666666666668,13.1549,6.4481,22.8492,True,True,CHC is closer and functional,28.166666666666668,37.46166666666667,5.026824,1.14246,1.599444,274.1904,57.123,342.738
381098,1111436273,1111435853,CHC,14.841666666666669,4.9,16.506666666666668,9.9894,2.3923,17.4128,True,True,CHC is closer and functional,16.506666666666668,21.95386666666667,3.830816,0.8706400000000001,1.2188960000000002,208.9536,43.532000000000004,261.192
381089,1111436273,1111435853,CHC,18.385,9.478333333333332,22.64333333333333,10.8587,4.1519,20.5529,True,True,CHC is closer and functional,22.64333333333333,30.11563333333333,4.521638,1.0276450000000001,1.4387030000000003,246.6348,51.38225,308.2935
381041,1111454425,1111435853,PHC,13.61,15.925,22.821666666666665,7.3103,11.9891,25.5677,True,True,PHC is closer and functional,22.821666666666665,30.352816666666666,5.624893999999999,1.278385,1.789739,306.81239999999997,63.91925,383.5155
381103,1111454425,1111435853,PHC,11.585,11.843333333333334,25.875,7.9148,7.650399999999999,30.8516,True,True,PHC is closer and functional,25.875,34.41375,6.787352,1.54258,2.159612,370.2192,77.129,462.774
381005,1111454425,1111435853,PHC,18.62333333333333,20.235,27.835,12.0021,18.8749,30.2595,True,True,PHC is closer and functional,27.835,37.02055,6.65709,1.512975,2.1181650000000003,363.114,75.64874999999999,453.8925
381043,1111454425,1111435853,PHC,19.486666666666668,24.926666666666662,33.776666666666664,9.6888,14.4189,32.6257,True,True,PHC is closer and functional,33.776666666666664,44.92296666666667,7.177654,1.631285,2.283799,391.50840000000005,81.56425,489.38550000000004
381135,Village→DH/SDH,1111435853,DH/SDH,85.90333333333334,52.65166666666666,42.01833333333333,41.5055,38.7101,27.2949,True,True,Direct to DH/SDH,42.01833333333333,55.88438333333333,6.004878,1.364745,1.910643,327.5388,68.23724999999999,409.4235
381099,1111436273,1111435853,CHC,16.031666666666666,6.09,17.696666666666665,10.4852,2.8881,17.9086,True,True,CHC is closer and functional,17.696666666666665,23.536566666666666,3.939892,0.8954300000000001,1.253602,214.9032,44.7715,268.629
381100,1111436273,1111435853,CHC,12.261666666666668,6.066666666666666,11.781666666666666,10.0597,6.7043,16.4423,True,True,CHC is closer and functional,11.781666666666666,15.669616666666666,3.6173059999999997,0.822115,1.1509610000000001,197.30759999999998,41.10575,246.6345
381095,1111436273,1111435853,CHC,12.35,2.408333333333333,10.755,9.8019,2.2049000000000003,14.1962,True,True,CHC is closer and functional,10.755,14.304150000000002,3.123164,0.70981,0.993734,170.3544,35.4905,212.94299999999998
381091,1111436273,1111435853,CHC,5.788333333333333,5.265,18.43,2.3579,3.3824,19.7834,True,True,CHC is closer and functional,18.43,24.5119,4.352348,0.9891700000000001,1.3848380000000002,237.4008,49.4585,296.751
381107,1111436240,1111435853,CHC,17.883333333333333,10.316666666666666,24.65333333333333,12.7568,6.0264,23.864,True,True,CHC is closer and functional,24.65333333333333,32.78893333333333,5.2500800000000005,1.1932,1.6704800000000002,286.368,59.660000000000004,357.96000000000004
381084,1111436273,1111435853,CHC,16.125,7.218333333333334,20.383333333333333,9.9065,3.1997,19.6008,True,True,CHC is closer and functional,20.383333333333333,27.109833333333334,4.312176,0.98004,1.3720560000000002,235.2096,49.001999999999995,294.012
381022,1111454425,1111435853,PHC,16.525,23.383333333333333,30.815,9.8901,21.3348,32.827,True,True,PHC is closer and functional,30.815,40.98395000000001,7.22194,1.64135,2.29789,393.924,82.0675,492.405
381104,1111436240,1111435853,CHC,19.058333333333334,11.491666666666667,25.828333333333333,13.5379,6.8075,24.6451,True,True,CHC is closer and functional,25.828333333333333,34.351683333333334,5.4219219999999995,1.232255,1.725157,295.7412,61.61275,369.6765
381134,Village→DH/SDH,1111435853,DH/SDH,58.85666666666667,49.8,39.16666666666666,46.2819,37.5822,26.1671,True,True,Direct to DH/SDH,39.16666666666666,52.091666666666654,5.756762,1.3083550000000002,1.8316970000000004,314.0052,65.41775,392.5065
381106,1111436240,1111435853,CHC,20.351666666666667,12.785,27.121666666666663,14.396,7.6656,25.5032,True,True,CHC is closer and functional,27.121666666666663,36.07181666666666,5.610704,1.27516,1.7852240000000001,306.0384,63.757999999999996,382.548
381008,1111454243,1111435853,CHC,17.845000000000002,14.348333333333333,26.7,9.7723,10.4228,29.1833,True,True,CHC is closer and functional,26.7,35.511,6.420326,1.459165,2.042831,350.1996,72.95824999999999,437.7495
381007,1111454243,1111435853,CHC,13.986666666666668,11.371666666666666,22.841666666666665,8.1353,10.4387,27.5463,True,True,CHC is closer and functional,22.841666666666665,30.379416666666668,6.060186,1.377315,1.928241,330.55559999999997,68.86574999999999,413.1945
381039,1111454425,1111435853,PHC,22.15333333333333,25.65,31.365,10.8675,19.387,29.125,True,True,PHC is closer and functional,31.365,41.71545,6.4075,1.45625,2.0387500000000003,349.5,72.8125,436.875
250450,1111454425,1111435853,PHC,0.0,17.023333333333333,23.92,0.0,12.9234,26.502,True,True,PHC is closer and functional,23.92,31.813600000000005,5.830439999999999,1.3251,1.85514,318.024,66.255,397.53
381010,1111454243,1111435853,CHC,13.776666666666667,2.7150000000000003,22.631666666666668,12.3767,2.6331,31.7878,True,True,CHC is closer and functional,22.631666666666668,30.10011666666667,6.993316,1.58939,2.225146,381.4536,79.4695,476.817
381023,1111454425,1111435853,PHC,13.158333333333331,20.016666666666666,27.44833333333333,7.6513,19.0959,30.5881,True,True,PHC is closer and functional,27.44833333333333,36.50628333333333,6.729382,1.5294050000000001,2.1411670000000003,367.0572,76.47025000000001,458.8215
250451,1111454425,1111435853,CHC,17.208333333333332,0.0,14.991666666666667,12.5662,0.0,17.802400000000002,True,True,PHC is closer and functional,14.991666666666667,19.938916666666668,3.9165280000000005,0.8901200000000001,1.2461680000000002,213.6288,44.50600000000001,267.03600000000006
381101,1111436273,1111435853,CHC,12.261666666666668,6.066666666666666,11.781666666666666,10.0597,6.7043,16.4423,True,True,CHC is closer and functional,11.781666666666666,15.669616666666666,3.6173059999999997,0.822115,1.1509610000000001,197.30759999999998,41.10575,246.6345
381096,1111436273,1111435853,CHC,11.768333333333334,1.8266666666666669,11.336666666666668,9.2701,1.6730999999999998,14.728,True,True,CHC is closer and functional,11.336666666666668,15.077766666666669,3.24016,0.7364,1.03096,176.736,36.82,220.92
381094,1111436273,1111435853,CHC,14.751666666666669,4.8100000000000005,12.055,10.9875,3.3905,14.3317,True,True,CHC is closer and functional,12.055,16.03315,3.152974,0.716585,1.003219,171.9804,35.82925,214.97549999999998
381097,1111436273,1111435853,CHC,11.636666666666668,1.695,11.468333333333334,9.1489,1.5519,14.849200000000002,True,True,CHC is closer and functional,11.468333333333334,15.252883333333335,3.266824,0.7424600000000001,1.0394440000000003,178.1904,37.123000000000005,222.73800000000003
381093,1111436331,1111435853,CHC,9.941666666666666,0.0,13.165,7.597,0.0,16.4011,True,True,PHC is closer and functional,13.165,17.50945,3.6082419999999997,0.820055,1.148077,196.8132,41.00275,246.0165
381086,1111436273,1111435853,CHC,20.11833333333333,11.211666666666668,24.376666666666665,11.58,4.8732,21.2743,True,True,CHC is closer and functional,24.376666666666665,32.420966666666665,4.680346,1.063715,1.4892010000000002,255.29160000000002,53.18575,319.1145
381079,1111436331,1111435853,PHC,4.628333333333333,7.361666666666666,20.526666666666664,2.8409,6.7213,23.1223,True,True,PHC is closer and functional,20.526666666666664,27.300466666666665,5.086906,1.156115,1.6185610000000001,277.4676,57.805749999999996,346.8345
381075,1111436273,1111435853,CHC,23.285,14.378333333333334,27.543333333333333,12.8805,6.1737,22.5747,True,True,CHC is closer and functional,27.543333333333333,36.63263333333334,4.9664340000000005,1.128735,1.580229,270.89639999999997,56.43675,338.6205
381078,1111436331,1111435853,PHC,5.566666666666666,8.3,21.465,3.698,7.578399999999999,23.9794,True,True,PHC is closer and functional,21.465,28.548450000000003,5.275468,1.1989699999999999,1.678558,287.7528,59.948499999999996,359.691
381076,1111436273,1111435853,CHC,25.756666666666668,16.85,30.015,13.8748,7.168,23.5691,True,True,CHC is closer and functional,30.015,39.91995,5.185201999999999,1.178455,1.649837,282.8292,58.92274999999999,353.5365
381092,1111436273,1111435853,CHC,18.351666666666667,8.41,15.655,12.4861,4.8891,15.8303,True,True,CHC is closer and functional,15.655,20.82115,3.482666,0.791515,1.1081210000000001,189.96359999999999,39.57575,237.4545
381088,1111454425,1111435853,PHC,19.85666666666667,23.35333333333333,29.06833333333333,9.9095,18.4289,28.1669,True,True,PHC is closer and functional,29.06833333333333,38.66088333333333,6.196718,1.408345,1.971683,338.0028,70.41725,422.5035
381077,1111436331,1111435853,PHC,5.206666666666666,7.939999999999999,21.105,3.3691,7.2495,23.6505,True,True,PHC is closer and functional,21.105,28.069650000000003,5.203110000000001,1.182525,1.6555350000000002,283.80600000000004,59.12625,354.7575
381105,1111454425,1111435853,PHC,10.621666666666666,12.806666666666668,24.91166666666667,7.0317,8.5335,29.9686,True,True,PHC is closer and functional,24.91166666666667,33.132516666666675,6.5930919999999995,1.49843,2.097802,359.6232,74.9215,449.529
381140,Village→DH/SDH,1111435853,DH/SDH,17.898333333333333,28.41,17.776666666666664,9.008299999999998,25.6748,14.2596,True,True,Direct to DH/SDH,17.776666666666664,23.642966666666663,3.137112,0.7129800000000001,0.9981720000000002,171.11520000000002,35.649,213.894
381127,Village→DH/SDH,1111435853,DH/SDH,20.37833333333333,23.766666666666666,11.928333333333336,13.0022,21.9347,9.1587,True,True,Direct to DH/SDH,11.928333333333336,15.864683333333339,2.014914,0.457935,0.641109,109.9044,22.896749999999997,137.38049999999998
381125,Village→DH/SDH,1111435853,DH/SDH,24.488333333333333,24.17833333333333,15.025,14.6701,20.9738,7.8579,True,True,Direct to DH/SDH,15.025,19.98325,1.7287379999999999,0.392895,0.550053,94.2948,19.64475,117.8685
381257,1111442339,1111435853,CHC,16.538333333333334,7.911666666666666,18.44333333333333,10.5004,5.2936000000000005,19.9095,True,True,CHC is closer and functional,18.44333333333333,24.529633333333333,4.38009,0.9954750000000001,1.3936650000000002,238.91400000000002,49.77375000000001,298.64250000000004
381143,Village→DH/SDH,1111435853,DH/SDH,26.066666666666663,29.455,17.61,14.9235,23.8561,11.283,True,True,Direct to DH/SDH,17.61,23.421300000000002,2.4822599999999997,0.56415,0.78981,135.396,28.2075,169.245
381133,Village→DH/SDH,1111435853,DH/SDH,37.72833333333333,48.24,37.60666666666667,20.2658,36.9322,25.5171,True,True,Direct to DH/SDH,37.60666666666667,50.01686666666667,5.6137619999999995,1.275855,1.786197,306.2052,63.79275,382.75649999999996
381256,1111442339,1111435853,CHC,14.845,6.218333333333334,16.75,10.0321,4.825399999999999,19.4412,True,True,CHC is closer and functional,16.75,22.2775,4.277063999999999,0.9720599999999999,1.360884,233.2944,48.602999999999994,291.618
381145,Village→DH/SDH,1111435853,DH/SDH,36.01833333333333,40.385,27.56833333333333,18.164900000000003,32.4657,14.3214,True,True,Direct to DH/SDH,27.56833333333333,36.66588333333333,3.1507080000000003,0.7160700000000001,1.0024980000000001,171.85680000000002,35.8035,214.821
381253,1111442339,1111435853,CHC,14.161666666666669,11.79,14.75,6.5412,9.9827,13.9897,True,True,CHC is closer and functional,14.75,19.6175,3.077734,0.699485,0.979279,167.8764,34.97425,209.8455
381128,Village→DH/SDH,1111435853,DH/SDH,12.94,18.363333333333333,7.73,8.2062,19.1929,7.7778,True,True,Direct to DH/SDH,7.73,10.2809,1.711116,0.38889,0.5444460000000001,93.3336,19.4445,116.667
381238,Village→DH/SDH,1111435853,DH/SDH,26.55,41.245,9.986666666666668,11.7649,27.1119,7.1706,True,True,Direct to DH/SDH,9.986666666666668,13.282266666666668,1.5775320000000002,0.35853,0.5019420000000001,86.0472,17.9265,107.559
381081,1111436331,1111435853,PHC,4.883333333333334,11.591666666666669,24.756666666666668,2.651,9.1699,25.571,True,True,PHC is closer and functional,24.756666666666668,32.92636666666667,5.6256200000000005,1.27855,1.7899700000000003,306.85200000000003,63.9275,383.565
381240,Village→DH/SDH,1111435853,DH/SDH,9.39,7.0183333333333335,6.083333333333333,6.4954,9.9369,8.498899999999999,True,True,Direct to DH/SDH,6.083333333333333,8.090833333333334,1.8697579999999998,0.42494499999999996,0.594923,101.98679999999999,21.247249999999998,127.48349999999999
381118,Village→DH/SDH,1111435853,DH/SDH,27.941666666666663,19.85833333333333,11.338333333333331,25.2211,19.0254,9.2802,True,True,Direct to DH/SDH,11.338333333333331,15.079983333333331,2.0416440000000002,0.46401000000000003,0.6496140000000001,111.36240000000001,23.2005,139.203
381122,Village→DH/SDH,1111435853,DH/SDH,22.206666666666667,9.585,3.5166666666666666,19.7325,13.5761,4.8596,True,True,Direct to DH/SDH,3.5166666666666666,4.6771666666666665,1.069112,0.24298000000000003,0.3401720000000001,58.315200000000004,12.149000000000001,72.894
381239,1111442339,1111435853,CHC,12.761666666666668,11.82,16.011666666666667,5.254899999999999,9.2667,15.2344,True,True,CHC is closer and functional,16.011666666666667,21.295516666666668,3.3515680000000003,0.7617200000000001,1.0664080000000002,182.8128,38.086,228.51600000000002
381132,1111436240,1111435853,CHC,22.265,7.345,21.68166666666667,16.1775,4.4708000000000006,22.3084,True,True,CHC is closer and functional,21.68166666666667,28.83661666666667,4.9078479999999995,1.11542,1.561588,267.70079999999996,55.771,334.626
381241,1111442339,1111435853,CHC,7.336666666666667,6.395,10.586666666666668,2.9995,7.0113,12.979,True,True,CHC is closer and functional,10.586666666666668,14.080266666666668,2.85538,0.64895,0.9085300000000001,155.748,32.4475,194.685
381130,Village→DH/SDH,1111435853,DH/SDH,15.35,19.591666666666665,8.958333333333334,9.5352,19.3483,7.9332,True,True,Direct to DH/SDH,8.958333333333334,11.914583333333335,1.745304,0.39666,0.555324,95.1984,19.833000000000002,118.998
381142,1111436364,1111435853,PHC,14.718333333333334,32.25666666666667,21.62333333333333,4.7957,27.7449,16.3297,True,True,PHC is closer and functional,21.62333333333333,28.75903333333333,3.5925339999999997,0.816485,1.143079,195.95639999999997,40.82425,244.94549999999998
381184,1111441463,1111435853,PHC,11.101666666666668,50.51166666666666,19.25333333333333,4.6205,30.2106,10.2693,True,True,PHC is closer and functional,19.25333333333333,25.60693333333333,2.259246,0.513465,0.718851,123.23159999999999,25.67325,154.0395
381216,1111441430,1111435853,CHC,58.68833333333334,20.78666666666667,31.045,26.7652,8.6547,14.8345,True,True,CHC is closer and functional,31.045,41.28985,3.26359,0.7417250000000001,1.038415,178.014,37.08625,222.5175
381246,1111442453,1111435853,PHC,8.09,9.415,23.525,3.3579,3.9061,18.3522,True,True,PHC is closer and functional,23.525,31.28825,4.037484,0.91761,1.2846540000000002,220.2264,45.8805,275.283
381213,Village→DH/SDH,1111435853,DH/SDH,46.10666666666667,27.50333333333333,18.46333333333333,21.5763,11.3804,9.6456,True,True,Direct to DH/SDH,18.46333333333333,24.55623333333333,2.122032,0.48228000000000004,0.675192,115.74719999999999,24.114,144.684
381208,1111441588,1111435853,PHC,1.9166666666666667,20.540000000000003,38.19833333333334,0.7975,8.5036,24.4456,True,True,PHC is closer and functional,38.19833333333334,50.80378333333334,5.378032,1.22228,1.711192,293.3472,61.114,366.68399999999997
381121,Village→DH/SDH,1111435853,DH/SDH,21.68166666666667,10.11,2.9916666666666667,18.9892,14.3194,4.1163,True,True,Direct to DH/SDH,2.9916666666666667,3.978916666666667,0.905586,0.205815,0.28814100000000004,49.3956,10.29075,61.744499999999995
381212,Village→DH/SDH,1111435853,DH/SDH,24.435,27.48,11.985,10.1126,11.4309,6.9517,True,True,Direct to DH/SDH,11.985,15.94005,1.529374,0.34758500000000003,0.486619,83.4204,17.37925,104.2755
381113,Village→DH/SDH,1111435853,DH/SDH,20.805,10.863333333333332,6.918333333333334,17.9885,10.3915,7.3971,True,True,Direct to DH/SDH,6.918333333333334,9.201383333333334,1.627362,0.36985500000000004,0.5177970000000001,88.7652,18.49275,110.9565
250452,Village→DH/SDH,1111435853,DH/SDH,10.811666666666667,13.651666666666667,0.0,11.8842,17.1369,0.0,True,True,Direct to DH/SDH,0.0,0.0,0.0,0.0,0.0,0.0,0.0,0.0
381131,Village→DH/SDH,1111435853,DH/SDH,15.32,25.831666666666667,15.198333333333332,7.502,24.1685,12.7534,True,True,Direct to DH/SDH,15.198333333333332,20.213783333333332,2.805748,0.63767,0.892738,153.0408,31.883499999999998,191.301
381146,Village→DH/SDH,1111435853,CHC,38.10333333333333,22.39333333333333,25.35333333333333,19.9234,14.3078,18.3148,True,True,Direct to DH/SDH,25.35333333333333,33.71993333333333,4.029256,0.9157400000000001,1.2820360000000002,219.7776,45.787000000000006,274.72200000000004
381177,1111441430,1111435853,CHC,41.54666666666667,22.97833333333333,39.641666666666666,23.8765,16.1705,43.6891,True,True,CHC is closer and functional,39.641666666666666,52.723416666666665,9.611602000000001,2.1844550000000003,3.0582370000000005,524.2692000000001,109.22275,655.3365
381124,Village→DH/SDH,1111435853,DH/SDH,16.355,17.653333333333332,8.620000000000001,10.9018,17.498099999999997,6.5267,True,True,Direct to DH/SDH,8.620000000000001,11.464600000000003,1.435874,0.32633500000000004,0.456869,78.3204,16.31675,97.9005
381251,1111442339,1111435853,CHC,11.885,6.501666666666667,13.79,6.4303,5.5344,15.8394,True,True,CHC is closer and functional,13.79,18.3407,3.484668,0.7919700000000001,1.1087580000000001,190.0728,39.5985,237.59099999999998
381126,Village→DH/SDH,1111435853,DH/SDH,22.73166666666667,26.12,13.268333333333334,13.9376,22.8702,7.1255,True,True,Direct to DH/SDH,13.268333333333334,17.646883333333335,1.56761,0.356275,0.49878500000000003,85.506,17.81375,106.8825
381129,Village→DH/SDH,1111435853,DH/SDH,17.58833333333333,18.886666666666667,9.853333333333332,11.4145,18.0108,7.0395,True,True,Direct to DH/SDH,9.853333333333332,13.104933333333332,1.5486900000000001,0.35197500000000004,0.49276500000000006,84.474,17.598750000000003,105.5925
381119,1111436240,1111435853,CHC,20.10833333333333,3.778333333333333,17.37,14.6393,1.7622,18.9702,True,True,CHC is closer and functional,17.37,23.102100000000004,4.173444,0.94851,1.327914,227.64239999999998,47.4255,284.553
381120,Village→DH/SDH,1111435853,DH/SDH,21.071666666666665,24.405,13.771666666666668,12.355,21.2627,9.8476,True,True,Direct to DH/SDH,13.771666666666668,18.31631666666667,2.166472,0.49238000000000004,0.6893320000000001,118.1712,24.619,147.714
381082,1111436331,1111435853,PHC,0.0,9.99,23.155,0.0,7.597,23.9981,True,True,PHC is closer and functional,23.155,30.796150000000004,5.279582,1.199905,1.6798670000000002,287.97720000000004,59.99525,359.9715
381111,Village→DH/SDH,1111435853,DH/SDH,12.478333333333332,19.37833333333333,9.966666666666669,9.7538,19.2904,7.7041,True,True,Direct to DH/SDH,9.966666666666669,13.25566666666667,1.6949020000000001,0.385205,0.5392870000000001,92.4492,19.26025,115.56150000000001
381255,1111442339,1111435853,CHC,11.183333333333334,5.23,13.088333333333331,6.422,4.720899999999999,15.8311,True,True,CHC is closer and functional,13.088333333333331,17.40748333333333,3.4828419999999998,0.791555,1.108177,189.9732,39.577749999999995,237.4665
381252,1111442339,1111435853,CHC,9.441666666666666,5.326666666666667,11.346666666666666,4.6418,5.761,14.051,True,True,CHC is closer and functional,11.346666666666666,15.091066666666666,3.09122,0.70255,0.98357,168.612,35.1275,210.76500000000001
381115,Village→DH/SDH,1111435853,DH/SDH,19.85833333333333,9.916666666666666,4.998333333333333,18.8537,11.2567,6.213,True,True,Direct to DH/SDH,4.998333333333333,6.647783333333333,1.36686,0.31065000000000004,0.4349100000000001,74.556,15.5325,93.19500000000001
381245,1111442453,1111435853,PHC,3.583333333333333,13.921666666666663,19.01833333333333,1.4895,5.7745,16.4838,True,True,PHC is closer and functional,19.01833333333333,25.294383333333332,3.6264359999999995,0.82419,1.153866,197.80559999999997,41.2095,247.25699999999998
381182,1111441430,1111435853,CHC,74.79666666666667,29.546666666666667,46.21,62.2813,22.1828,49.7014,True,True,CHC is closer and functional,46.21,61.459300000000006,10.934308,2.4850700000000003,3.4790980000000005,596.4168,124.2535,745.521
381181,1111441430,1111435853,CHC,46.18,27.611666666666668,44.275,28.1173,20.4112,47.9298,True,True,CHC is closer and functional,44.275,58.88575,10.544556,2.39649,3.3550860000000005,575.1576,119.8245,718.947
381218,1111441430,1111435853,CHC,12.861666666666668,11.321666666666664,28.196666666666665,5.301399999999999,4.7193000000000005,13.6633,True,True,CHC is closer and functional,28.196666666666665,37.50156666666667,3.005926,0.683165,0.956431,163.9596,34.158249999999995,204.9495
381214,1111441430,1111435853,CHC,54.29,19.315,26.646666666666665,24.946900000000003,8.0203,13.0162,True,True,CHC is closer and functional,26.646666666666665,35.44006666666667,2.8635639999999998,0.65081,0.9111340000000001,156.1944,32.5405,195.243
381114,Village→DH/SDH,1111435853,DH/SDH,21.32,11.378333333333334,9.515,18.0379,10.4409,8.890799999999999,True,True,Direct to DH/SDH,9.515,12.654950000000001,1.9559759999999997,0.44453999999999994,0.622356,106.68959999999998,22.226999999999997,133.36199999999997
381215,1111441430,1111435853,CHC,54.55333333333333,14.076666666666666,26.91,25.087,5.8679,13.1563,True,True,CHC is closer and functional,26.91,35.7903,2.894386,0.657815,0.9209410000000001,157.8756,32.89075,197.3445
381254,1111442339,1111435853,CHC,21.991666666666667,13.365,23.896666666666665,12.7031,7.496399999999999,22.1122,True,True,CHC is closer and functional,23.896666666666665,31.782566666666664,4.8646840000000005,1.1056100000000002,1.5478540000000003,265.3464,55.2805,331.683
381244,1111442453,1111435853,PHC,0.0,17.505,15.435,0.0,7.2639,14.9943,True,True,PHC is closer and functional,15.435,20.528550000000003,3.2987460000000004,0.7497150000000001,1.0496010000000002,179.9316,37.48575,224.9145
381210,1111441463,1111435853,PHC,10.731666666666666,50.88166666666667,19.62333333333333,4.4668,30.3643,10.423,True,True,PHC is closer and functional,19.62333333333333,26.09903333333333,2.29306,0.52115,0.7296100000000001,125.076,26.0575,156.345
381178,1111441430,1111435853,CHC,43.95,25.381666666666668,42.045,26.0767,18.3706,45.8892,True,True,CHC is closer and functional,42.045,55.919850000000004,10.095624,2.2944600000000004,3.2122440000000005,550.6704,114.72300000000001,688.3380000000001
381180,1111441430,1111435853,CHC,44.22833333333333,25.66,42.32333333333334,26.3318,18.6257,46.1443,True,True,CHC is closer and functional,42.32333333333334,56.29003333333334,10.151746000000001,2.3072150000000002,3.2301010000000003,553.7316000000001,115.36075,692.1645
381179,1111441430,1111435853,CHC,44.65833333333333,26.09,42.75333333333333,26.7263,19.0202,46.5388,True,True,CHC is closer and functional,42.75333333333333,56.86193333333333,10.238536,2.32694,3.2577160000000003,558.4656,116.34700000000001,698.082
381144,1111436364,1111435853,PHC,0.0,31.745,21.111666666666668,0.0,28.7753,17.3601,True,True,PHC is closer and functional,21.111666666666668,28.07851666666667,3.819222,0.868005,1.2152070000000001,208.32119999999998,43.40025,260.4015
381150,1111441430,1111435853,CHC,43.545,24.976666666666667,41.64,25.7049,17.9988,45.5174,True,True,CHC is closer and functional,41.64,55.38120000000001,10.013828,2.2758700000000003,3.1862180000000007,546.2088,113.79350000000001,682.7610000000001
381148,1111441430,1111435853,CHC,74.79666666666667,29.546666666666667,46.21,62.2813,22.1828,49.7014,True,True,CHC is closer and functional,46.21,61.459300000000006,10.934308,2.4850700000000003,3.4790980000000005,596.4168,124.2535,745.521
381116,Village→DH/SDH,1111435853,DH/SDH,27.26833333333333,19.185,10.665,24.7718,18.5761,8.8309,True,True,Direct to DH/SDH,10.665,14.18445,1.942798,0.441545,0.618163,105.9708,22.07725,132.4635
381248,1111442453,1111435853,PHC,8.610000000000001,11.441666666666666,24.045,3.5283,4.6856,18.5226,True,True,PHC is closer and functional,24.045,31.979850000000003,4.074972,0.9261300000000001,1.2965820000000001,222.27120000000002,46.3065,277.839
381117,Village→DH/SDH,1111435853,CHC,18.45833333333333,8.516666666666667,8.729999999999999,15.5861,7.9891,10.0717,True,True,Direct to DH/SDH,8.729999999999999,11.610899999999999,2.215774,0.5035850000000001,0.7050190000000001,120.8604,25.17925,151.0755
381234,1111441430,1111435853,CHC,12.146666666666668,7.866666666666666,27.581666666666667,4.9953,3.2185,19.9896,True,True,CHC is closer and functional,27.581666666666667,36.683616666666666,4.397712,0.99948,1.399272,239.8752,49.974,299.844
381243,1111442453,1111435853,PHC,16.16,30.68,19.41,6.664,12.7126,16.6435,True,True,PHC is closer and functional,19.41,25.8153,3.6615699999999998,0.832175,1.165045,199.72199999999998,41.60875,249.6525
381185,1111441463,1111435853,PHC,8.685,70.29833333333333,39.04,3.6136,38.4447,18.5033,True,True,PHC is closer and functional,39.04,51.9232,4.070726,0.925165,1.295231,222.0396,46.25825,277.54949999999997
381183,1111441430,1111435853,CHC,74.79666666666667,29.546666666666667,46.21,62.2813,22.1828,49.7014,True,True,CHC is closer and functional,46.21,61.459300000000006,10.934308,2.4850700000000003,3.4790980000000005,596.4168,124.2535,745.521
381217,1111441588,1111435853,PHC,3.645,14.978333333333332,32.63666666666667,1.5126,6.1935,22.1355,True,True,PHC is closer and functional,32.63666666666667,43.40676666666668,4.86981,1.106775,1.5494850000000002,265.626,55.338750000000005,332.0325
381112,1111436570,1111435853,PHC,2.04,19.655,10.463333333333331,2.2036,22.0642,11.7233,True,True,PHC is closer and functional,10.463333333333331,13.91623333333333,2.579126,0.586165,0.8206310000000001,140.6796,29.30825,175.8495
381110,Village→DH/SDH,1111435853,DH/SDH,26.651666666666664,47.99166666666667,16.733333333333334,20.0566,29.1597,9.2184,True,True,Direct to DH/SDH,16.733333333333334,22.255333333333336,2.028048,0.46092000000000005,0.6452880000000001,110.6208,23.046000000000003,138.276
381219,1111441588,1111435853,PHC,2.625,15.998333333333331,33.656666666666666,1.0896,6.6165,22.5585,True,True,PHC is closer and functional,33.656666666666666,44.76336666666667,4.96287,1.127925,1.5790950000000001,270.702,56.396249999999995,338.3775
381109,1111436570,1111435853,PHC,0.0,17.615000000000002,8.423333333333334,0.0,19.8606,9.5197,True,True,PHC is closer and functional,8.423333333333334,11.203033333333334,2.094334,0.47598500000000005,0.666379,114.2364,23.79925,142.7955
381209,1111441463,1111435853,PHC,0.0,61.61333333333334,30.355,0.0,34.8311,14.8898,True,True,PHC is closer and functional,30.355,40.372150000000005,3.275756,0.74449,1.042286,178.67759999999998,37.2245,223.34699999999998
381189,1111441588,1111435853,PHC,1.2433333333333332,19.866666666666667,37.525,0.5162,8.222299999999999,24.1643,True,True,PHC is closer and functional,37.525,49.90825,5.316146,1.208215,1.6915010000000001,289.9716,60.41075,362.4645
381108,1111436570,1111435853,PHC,7.118333333333334,18.145,8.958333333333334,7.5882,20.4283,10.0873,True,True,PHC is closer and functional,8.958333333333334,11.914583333333335,2.2192060000000002,0.5043650000000001,0.7061110000000002,121.04760000000002,25.21825,151.3095
381147,Village→DH/SDH,1111435853,PHC,10.001666666666669,21.02833333333333,11.841666666666669,10.7021,23.5422,13.2012,True,True,Direct to DH/SDH,11.841666666666669,15.74941666666667,2.904264,0.6600600000000001,0.9240840000000001,158.4144,33.003,198.018
381123,Village→DH/SDH,1111435853,DH/SDH,11.283333333333331,8.911666666666667,4.19,9.1786,12.62,5.8157,True,True,Direct to DH/SDH,4.19,5.572700000000001,1.2794539999999999,0.290785,0.407099,69.7884,14.53925,87.2355
381242,1111442339,1111435853,CHC,9.185,8.243333333333334,12.435,3.7689,7.780699999999999,13.7484,True,True,CHC is closer and functional,12.435,16.53855,3.024648,0.68742,0.9623880000000001,164.9808,34.371,206.226
381211,Village→DH/SDH,1111435853,DH/SDH,26.111666666666668,40.806666666666665,9.548333333333334,11.4726,26.8196,6.8783,True,True,Direct to DH/SDH,9.548333333333334,12.699283333333335,1.5132260000000002,0.343915,0.48148100000000005,82.53960000000001,17.19575,103.17450000000001
381220,1111441430,1111435853,CHC,10.251666666666669,8.028333333333332,25.686666666666667,4.2551000000000005,3.3074,19.2494,True,True,CHC is closer and functional,25.686666666666667,34.16326666666667,4.2348680000000005,0.9624700000000002,1.3474580000000003,230.99280000000002,48.12350000000001,288.74100000000004
381080,1111436331,1111435853,PHC,4.02,6.753333333333333,19.918333333333333,2.2835,6.1639,22.5649,True,True,PHC is closer and functional,19.918333333333333,26.491383333333335,4.964278,1.1282450000000002,1.5795430000000004,270.77880000000005,56.41225,338.4735
381186,1111441463,1111435853,PHC,8.486666666666666,70.1,38.84166666666667,3.5312,38.362300000000005,18.421,True,True,PHC is closer and functional,38.84166666666667,51.65941666666667,4.05262,0.92105,1.2894700000000001,221.052,46.052499999999995,276.315
381207,1111441588,1111435853,PHC,0.0,18.62333333333333,36.281666666666666,0.0,7.7061,23.6481,True,True,PHC is closer and functional,36.281666666666666,48.25461666666667,5.202582,1.182405,1.655367,283.7772,59.12025,354.7215
381247,1111442453,1111435853,PHC,6.194999999999999,11.31,21.63,2.5721,4.6918,17.5664,True,True,PHC is closer and functional,21.63,28.7679,3.8646080000000005,0.8783200000000001,1.2296480000000003,210.79680000000002,43.916000000000004,263.49600000000004
381187,1111441463,1111435853,PHC,7.555000000000001,69.16833333333334,37.91,3.145,37.9761,18.0348,True,True,PHC is closer and functional,37.91,50.4203,3.9676560000000003,0.9017400000000001,1.2624360000000001,216.4176,45.087,270.522
381141,Village→DH/SDH,1111435853,DH/SDH,12.165,22.676666666666662,12.043333333333331,6.6457,23.3122,11.8971,True,True,Direct to DH/SDH,12.043333333333331,16.017633333333333,2.617362,0.594855,0.8327970000000001,142.7652,29.74275,178.4565
381138,Village→DH/SDH,1111435853,DH/SDH,17.023333333333333,27.535,16.901666666666667,8.642700000000001,25.3092,13.894,True,True,Direct to DH/SDH,16.901666666666667,22.47921666666667,3.05668,0.6947000000000001,0.9725800000000001,166.728,34.735,208.41
381139,Village→DH/SDH,1111435853,DH/SDH,20.751666666666665,31.26333333333333,20.63,10.022200000000002,26.6887,15.2736,True,True,Direct to DH/SDH,20.63,27.4379,3.360192,0.76368,1.069152,183.2832,38.184,229.104
381188,1111441463,1111435853,PHC,8.983333333333333,70.59666666666666,39.33833333333334,3.738,38.5691,18.6278,True,True,PHC is closer and functional,39.33833333333334,52.31998333333334,4.098116,0.93139,1.3039460000000003,223.5336,46.569500000000005,279.41700000000003
381277,1111442339,1111435853,CHC,15.271666666666668,12.348333333333333,23.935,16.687,11.6572,28.1089,True,True,CHC is closer and functional,23.935,31.83355,6.183958,1.405445,1.9676230000000001,337.30679999999995,70.27225,421.63349999999997
381278,1111442420,1111435853,PHC,14.833333333333334,16.468333333333334,29.566666666666663,9.5812,11.7323,30.168,True,True,PHC is closer and functional,29.566666666666663,39.32366666666666,6.63696,1.5084,2.1117600000000003,362.01599999999996,75.42,452.52
381276,1111442339,1111435853,CHC,12.158333333333331,9.235,20.821666666666665,13.6597,8.6298,25.0816,True,True,CHC is closer and functional,20.821666666666665,27.692816666666666,5.517952,1.25408,1.7557120000000004,300.9792,62.70400000000001,376.22400000000005
381280,1111442339,1111435853,CHC,23.216666666666665,21.7,33.28666666666667,14.2062,17.7395,34.191300000000005,True,True,CHC is closer and functional,33.28666666666667,44.27126666666667,7.522086000000002,1.7095650000000004,2.3933910000000007,410.29560000000004,85.47825000000002,512.8695000000001
381279,1111442420,1111435853,PHC,20.10666666666667,21.741666666666667,33.623333333333335,11.7279,13.879,32.587,True,True,PHC is closer and functional,33.623333333333335,44.719033333333336,7.1691400000000005,1.6293500000000003,2.2810900000000003,391.04400000000004,81.4675,488.80500000000006
381259,1111442339,1111435853,CHC,14.708333333333334,11.785,23.371666666666663,13.3036,8.2738,24.7255,True,True,CHC is closer and functional,23.371666666666663,31.084316666666663,5.43961,1.236275,1.7307850000000002,296.706,61.81375,370.8825
381260,1111442420,1111435853,PHC,9.705,10.99,22.576666666666664,8.242,8.156600000000001,24.608400000000003,True,True,PHC is closer and functional,22.576666666666664,30.026966666666667,5.413848000000001,1.2304200000000003,1.7225880000000005,295.30080000000004,61.52100000000001,369.12600000000003
381266,1111442420,1111435853,PHC,5.838333333333334,7.473333333333333,20.571666666666665,5.845,7.9961,26.4318,True,True,PHC is closer and functional,20.571666666666665,27.360316666666666,5.814996,1.32159,1.8502260000000001,317.1816,66.0795,396.477
381261,1111442420,1111435853,PHC,8.086666666666666,8.105,19.691666666666663,7.9011,7.103,23.5548,True,True,PHC is closer and functional,19.691666666666663,26.18991666666666,5.182056,1.17774,1.6488360000000002,282.6576,58.887,353.322
381258,1111442339,1111435853,CHC,7.961666666666667,5.038333333333333,16.625,9.8948,4.865,21.3167,True,True,CHC is closer and functional,16.625,22.111250000000002,4.689674,1.065835,1.4921690000000003,255.80040000000002,53.29175,319.7505
381269,1111442420,1111435853,PHC,8.486666666666666,10.121666666666666,23.22,6.7176,8.8687,27.3044,True,True,PHC is closer and functional,23.22,30.8826,6.0069680000000005,1.36522,1.9113080000000002,327.6528,68.261,409.56600000000003
381171,1111452833,1111435853,PHC,0.0,58.375,51.03333333333333,0.0,55.0582,61.2071,True,True,PHC is closer and functional,51.03333333333333,67.87433333333334,13.465562,3.060355,4.284497,734.4852,153.01774999999998,918.1065
381168,1111452833,1111435853,PHC,11.99,55.255,47.91333333333333,9.7189,54.7831,60.9321,True,True,PHC is closer and functional,47.91333333333333,63.724733333333326,13.405062,3.046605,4.2652470000000005,731.1852,152.33025,913.9815
381222,1111452684,1111435853,PHC,0.0,9.821666666666664,26.24333333333333,0.0,4.0956,31.4509,True,True,PHC is closer and functional,26.24333333333333,34.90363333333333,6.919198000000001,1.572545,2.201563,377.4108,78.62725,471.7635
381274,1111442420,1111435853,PHC,2.7883333333333336,8.618333333333334,21.716666666666665,3.9336,12.1999,30.6356,True,True,PHC is closer and functional,21.716666666666665,28.883166666666668,6.739832,1.5317800000000001,2.144492,367.6272,76.589,459.534
381265,1111442420,1111435853,PHC,2.3466666666666667,3.981666666666667,17.08,3.2281,5.3792,23.8149,True,True,PHC is closer and functional,17.08,22.7164,5.2392780000000005,1.1907450000000002,1.6670430000000003,285.77880000000005,59.53725,357.2235
381237,1111442420,1111435853,PHC,0.0,5.83,18.92833333333333,0.0,8.2663,26.702,True,True,PHC is closer and functional,18.92833333333333,25.17468333333333,5.874440000000001,1.3351000000000002,1.8691400000000002,320.42400000000004,66.75500000000001,400.53000000000003
381270,1111442420,1111435853,PHC,4.078333333333333,30.348333333333336,23.006666666666668,3.3174,23.8705,30.0195,True,True,PHC is closer and functional,23.006666666666668,30.59886666666667,6.60429,1.5009750000000002,2.1013650000000004,360.23400000000004,75.04875,450.2925
381271,1111442420,1111435853,PHC,5.9383333333333335,32.208333333333336,24.866666666666667,4.0905,24.6436,30.7925,True,True,PHC is closer and functional,24.866666666666667,33.07266666666667,6.77435,1.539625,2.155475,369.51,76.98125,461.8875
381192,1111443352,1111435853,CHC,35.501666666666665,17.436666666666667,33.596666666666664,18.344,10.5346,38.1565,True,True,CHC is closer and functional,33.596666666666664,44.683566666666664,8.39443,1.907825,2.670955,457.87800000000004,95.39125,572.3475
381174,1111452684,1111435853,PHC,12.411666666666669,13.52,38.655,5.4278,5.6071,36.8787,True,True,PHC is closer and functional,38.655,51.411150000000006,8.113314,1.843935,2.5815090000000005,442.5444,92.19675000000001,553.1805
381191,1111443352,1111435853,CHC,36.681666666666665,18.616666666666667,34.776666666666664,19.4245,11.6151,39.2371,True,True,CHC is closer and functional,34.776666666666664,46.252966666666666,8.632162,1.961855,2.746597,470.8452,98.09275,588.5564999999999
381173,1111452684,1111435853,PHC,12.411666666666669,13.52,38.655,5.4278,5.6071,36.8787,True,True,PHC is closer and functional,38.655,51.411150000000006,8.113314,1.843935,2.5815090000000005,442.5444,92.19675000000001,553.1805
381231,1111452684,1111435853,PHC,3.083333333333333,12.905,23.16,2.8142,6.9099,28.6367,True,True,PHC is closer and functional,23.16,30.8028,6.300074,1.4318350000000002,2.0045690000000005,343.6404,71.59175,429.5505
381176,1111443352,1111435853,CHC,39.05166666666666,20.986666666666668,37.14666666666667,21.5945,13.7851,41.4071,True,True,CHC is closer and functional,37.14666666666667,49.40506666666667,9.109562,2.070355,2.8984970000000003,496.8852,103.51775,621.1065
381262,1111442339,1111435853,CHC,5.55,3.88,16.978333333333335,7.2927,4.739199999999999,23.175,True,True,CHC is closer and functional,16.978333333333335,22.581183333333335,5.0985000000000005,1.1587500000000002,1.6222500000000002,278.1,57.9375,347.625
381227,1111442420,1111435853,PHC,11.056666666666668,37.32666666666667,29.985,6.1721,26.7251,32.8741,True,True,PHC is closer and functional,29.985,39.880050000000004,7.232302,1.643705,2.301187,394.4892,82.18525,493.1115
381235,1111442420,1111435853,PHC,8.53,16.345000000000002,19.72,9.6102,10.0541,25.4925,True,True,PHC is closer and functional,19.72,26.2276,5.60835,1.2746250000000001,1.7844750000000003,305.90999999999997,63.73125,382.3875
381228,1111442420,1111435853,PHC,5.9383333333333335,32.208333333333336,24.866666666666667,4.0905,24.6436,30.7925,True,True,PHC is closer and functional,24.866666666666667,33.07266666666667,6.77435,1.539625,2.155475,369.51,76.98125,461.8875
381226,1111452833,1111435853,PHC,0.735,57.64,50.29833333333333,0.4889,54.569300000000005,60.718300000000006,True,True,PHC is closer and functional,50.29833333333333,66.89678333333333,13.358026,3.0359150000000006,4.250281000000001,728.6196000000001,151.79575000000003,910.7745000000001
381225,1111443352,1111435853,CHC,13.0,1.7666666666666666,39.24333333333333,5.719600000000001,0.7351,37.1705,True,True,CHC is closer and functional,39.24333333333333,52.19363333333334,8.17751,1.858525,2.601935,446.04599999999994,92.92625,557.5575
381273,1111442420,1111435853,PHC,3.3316666666666666,9.161666666666669,22.26,4.7017,12.968,31.4037,True,True,PHC is closer and functional,22.26,29.605800000000002,6.9088140000000005,1.5701850000000002,2.198259,376.8444,78.50925000000001,471.0555
381175,1111452684,1111435853,PHC,12.411666666666669,13.52,38.655,5.4278,5.6071,36.8787,True,True,PHC is closer and functional,38.655,51.411150000000006,8.113314,1.843935,2.5815090000000005,442.5444,92.19675000000001,553.1805
381152,Village→DH/SDH,1111435853,DH/SDH,80.33,81.50166666666668,44.295,71.61789999999999,84.4052,48.2612,True,True,Direct to DH/SDH,44.295,58.91235,10.617464,2.41306,3.3782840000000003,579.1344,120.653,723.918
381249,1111442453,1111435853,PHC,13.131666666666666,14.786666666666669,22.075,5.4116,8.9794,19.2844,True,True,PHC is closer and functional,22.075,29.359750000000002,4.242568,0.9642200000000001,1.3499080000000003,231.4128,48.211000000000006,289.266
381263,1111442339,1111435853,CHC,4.321666666666667,2.6516666666666664,15.75,5.9638,3.4104,21.8461,True,True,CHC is closer and functional,15.75,20.9475,4.806142,1.092305,1.5292270000000001,262.15319999999997,54.61525,327.6915
381205,1111452684,1111435853,PHC,3.8316666666666666,13.411666666666669,30.075,3.4912,7.4235,34.9421,True,True,PHC is closer and functional,30.075,39.99975,7.6872620000000005,1.7471050000000004,2.4459470000000003,419.3052,87.35525000000001,524.1315000000001
381169,1111452833,1111435853,PHC,11.961666666666668,55.22666666666667,47.885,9.6892,54.7534,60.9023,True,True,PHC is closer and functional,47.885,63.68705,13.398506,3.045115,4.263161,730.8276,152.25574999999998,913.5345
381153,Village→DH/SDH,1111435853,DH/SDH,80.56666666666666,81.73833333333333,44.531666666666666,71.8742,84.6614,48.5175,True,True,Direct to DH/SDH,44.531666666666666,59.22711666666667,10.67385,2.425875,3.3962250000000003,582.21,121.29374999999999,727.7624999999999
381229,1111452684,1111435853,CHC,11.233333333333333,0.0,37.47666666666667,4.9845,0.0,36.4354,True,True,PHC is closer and functional,37.47666666666667,49.84396666666667,8.015788,1.8217700000000001,2.5504780000000005,437.2248,91.08850000000001,546.5310000000001
381154,Village→DH/SDH,1111435853,DH/SDH,80.72,81.89166666666667,44.685,72.0411,84.8283,48.6844,True,True,Direct to DH/SDH,44.685,59.431050000000006,10.710567999999999,2.43422,3.407908,584.2128,121.71099999999998,730.266
381264,1111442420,1111435853,PHC,3.4683333333333333,4.87,17.96833333333333,3.8493,6.0004,24.4361,True,True,PHC is closer and functional,17.96833333333333,23.89788333333333,5.375942,1.221805,1.7105270000000001,293.2332,61.09025,366.5415
381195,1111452684,1111435853,PHC,12.411666666666669,13.52,38.655,5.4278,5.6071,36.8787,True,True,PHC is closer and functional,38.655,51.411150000000006,8.113314,1.843935,2.5815090000000005,442.5444,92.19675000000001,553.1805
381272,1111442420,1111435853,PHC,13.418333333333331,39.68833333333334,32.346666666666664,11.3595,31.9126,38.0616,True,True,PHC is closer and functional,32.346666666666664,43.02106666666666,8.373552,1.90308,2.6643120000000002,456.7392,95.154,570.924
381250,1111442453,1111435853,CHC,11.193333333333332,0.0,13.098333333333333,9.0266,0.0,18.4357,True,True,PHC is closer and functional,13.098333333333333,17.420783333333333,4.055854,0.9217850000000001,1.290499,221.22840000000002,46.08925,276.5355
381197,1111452833,1111435853,PHC,0.0,58.375,51.03333333333333,0.0,55.0582,61.2071,True,True,PHC is closer and functional,51.03333333333333,67.87433333333334,13.465562,3.060355,4.284497,734.4852,153.01774999999998,918.1065
381275,1111442339,1111435853,CHC,32.24333333333333,31.976666666666667,43.56333333333334,29.5208,24.8647,41.3165,True,True,CHC is closer and functional,43.56333333333334,57.93923333333335,9.08963,2.065825,2.8921550000000003,495.798,103.29124999999999,619.7475
381170,1111452833,1111435853,PHC,0.0,58.375,51.03333333333333,0.0,55.0582,61.2071,True,True,PHC is closer and functional,51.03333333333333,67.87433333333334,13.465562,3.060355,4.284497,734.4852,153.01774999999998,918.1065
381151,1111443352,1111435853,CHC,40.91166666666666,22.846666666666668,39.00666666666667,23.2951,15.4857,43.1076,True,True,CHC is closer and functional,39.00666666666667,51.878866666666674,9.483672,2.15538,3.017532,517.2912,107.76899999999999,646.6139999999999
381155,Village→DH/SDH,1111435853,DH/SDH,82.49166666666666,83.4,46.45666666666667,73.95530000000001,85.1258,50.5986,True,True,Direct to DH/SDH,46.45666666666667,61.78736666666668,11.131692,2.5299300000000002,3.5419020000000003,607.1831999999999,126.4965,758.9789999999999
381236,1111442420,1111435853,PHC,8.058333333333334,16.816666666666666,19.24833333333333,9.1804,10.4838,25.0628,True,True,PHC is closer and functional,19.24833333333333,25.600283333333334,5.513816,1.2531400000000001,1.754396,300.7536,62.657,375.942
381233,1111441430,1111435853,CHC,12.365,7.648333333333331,27.8,5.086600000000001,3.1272,20.0809,True,True,CHC is closer and functional,27.8,36.974000000000004,4.417798,1.004045,1.405663,240.9708,50.20225,301.2135
381232,1111442453,1111435853,PHC,12.618333333333334,14.255,22.58833333333333,5.1984,5.854100000000001,19.4976,True,True,PHC is closer and functional,22.58833333333333,30.042483333333333,4.289472,0.97488,1.364832,233.97119999999998,48.744,292.464
381230,1111452684,1111435853,PHC,4.408333333333333,15.641666666666667,21.835,4.0269,9.0113,27.424,True,True,PHC is closer and functional,21.835,29.040550000000003,6.0332799999999995,1.3712,1.91968,329.08799999999997,68.56,411.36
381221,1111452684,1111435853,CHC,9.766666666666667,0.0,32.995,4.0956,0.0,22.2582,True,True,PHC is closer and functional,32.995,43.88335,4.8968039999999995,1.11291,1.558074,267.09839999999997,55.6455,333.873
381223,1111452684,1111435853,PHC,0.6316666666666666,10.453333333333337,25.611666666666668,0.5772999999999999,4.673,30.8736,True,True,PHC is closer and functional,25.611666666666668,34.06351666666667,6.792192,1.5436800000000002,2.1611520000000004,370.4832,77.184,463.104
381224,1111452684,1111435853,CHC,11.233333333333333,0.0,37.47666666666667,4.9845,0.0,36.4354,True,True,PHC is closer and functional,37.47666666666667,49.84396666666667,8.015788,1.8217700000000001,2.5504780000000005,437.2248,91.08850000000001,546.5310000000001
381202,1111443352,1111435853,CHC,13.186666666666667,1.9533333333333331,39.43,5.7969,0.8125,37.247800000000005,True,True,CHC is closer and functional,39.43,52.441900000000004,8.194516000000002,1.8623900000000004,2.6073460000000006,446.97360000000003,93.11950000000002,558.7170000000001
381203,1111443352,1111435853,CHC,12.76,1.5266666666666666,39.00333333333333,5.620100000000001,0.6356,37.071,True,True,CHC is closer and functional,39.00333333333333,51.87443333333333,8.155619999999999,1.85355,2.59497,444.852,92.6775,556.0649999999999
381204,1111443352,1111435853,CHC,5.941666666666666,5.291666666666667,32.184999999999995,2.7818,2.2027,34.232699999999994,True,True,CHC is closer and functional,32.184999999999995,42.80605,7.531193999999998,1.7116349999999998,2.396289,410.79239999999993,85.58174999999999,513.4904999999999
381200,1111452833,1111435853,PHC,0.885,57.49,50.14833333333333,0.5883999999999999,54.4697,60.6187,True,True,PHC is closer and functional,50.14833333333333,66.69728333333333,13.336114,3.030935,4.243309,727.4244,151.54675,909.2805
381201,1111452833,1111435853,PHC,0.0,58.375,51.03333333333333,0.0,55.0582,61.2071,True,True,PHC is closer and functional,51.03333333333333,67.87433333333334,13.465562,3.060355,4.284497,734.4852,153.01774999999998,918.1065
381206,1111452684,1111435853,PHC,4.245,13.825,30.488333333333333,3.8697,7.802,35.3206,True,True,PHC is closer and functional,30.488333333333333,40.549483333333335,7.770532,1.76603,2.472442,423.8472,88.3015,529.809
381193,1111452684,1111435853,PHC,10.155,11.263333333333332,36.39833333333333,4.489199999999999,4.6685,35.9401,True,True,PHC is closer and functional,36.39833333333333,48.40978333333334,7.906822,1.7970050000000002,2.515807,431.2812,89.85025,539.1015
381196,1111443352,1111435853,CHC,13.186666666666667,1.9533333333333331,39.43,5.7969,0.8125,37.247800000000005,True,True,CHC is closer and functional,39.43,52.441900000000004,8.194516000000002,1.8623900000000004,2.6073460000000006,446.97360000000003,93.11950000000002,558.7170000000001
381190,1111441430,1111435853,CHC,36.46833333333333,17.9,34.56333333333334,19.2299,11.5238,39.0424,True,True,CHC is closer and functional,34.56333333333334,45.96923333333334,8.589328,1.95212,2.7329680000000005,468.5088,97.606,585.636
381199,1111452833,1111435853,PHC,2.4716666666666667,55.90333333333333,48.56166666666666,1.6491,53.4091,59.558,True,True,PHC is closer and functional,48.56166666666666,64.58701666666666,13.10276,2.9779,4.16906,714.696,148.895,893.37
381194,1111452684,1111435853,PHC,12.411666666666669,13.52,38.655,5.4278,5.6071,36.8787,True,True,PHC is closer and functional,38.655,51.411150000000006,8.113314,1.843935,2.5815090000000005,442.5444,92.19675000000001,553.1805
381198,1111452833,1111435853,PHC,0.0,58.375,51.03333333333333,0.0,55.0582,61.2071,True,True,PHC is closer and functional,51.03333333333333,67.87433333333334,13.465562,3.060355,4.284497,734.4852,153.01774999999998,918.1065
381172,1111452833,1111435853,PHC,35.97166666666667,79.23666666666666,50.62,35.559,80.6232,55.1013,True,True,PHC is closer and functional,50.62,67.3246,12.122286,2.755065,3.8570910000000005,661.2156,137.75325,826.5195
381167,1111452833,1111435853,PHC,11.99,55.255,47.91333333333333,9.7189,54.7831,60.9321,True,True,PHC is closer and functional,47.91333333333333,63.724733333333326,13.405062,3.046605,4.2652470000000005,731.1852,152.33025,913.9815
381268,1111442339,1111435853,CHC,32.24333333333333,31.976666666666667,43.56333333333334,29.5208,24.8647,41.3165,True,True,CHC is closer and functional,43.56333333333334,57.93923333333335,9.08963,2.065825,2.8921550000000003,495.798,103.29124999999999,619.7475
381267,1111442420,1111435853,PHC,7.586666666666667,9.221666666666666,22.32,6.5698,8.7209,27.1567,True,True,PHC is closer and functional,22.32,29.6856,5.974474,1.3578350000000001,1.9009690000000001,325.8804,67.89175,407.3505
381149,1111441430,1111435853,CHC,73.89666666666668,28.646666666666665,45.31,61.4586,21.3601,48.8787,True,True,CHC is closer and functional,45.31,60.2623,10.753314000000001,2.443935,3.4215090000000004,586.5444,122.19675000000001,733.1805
381161,1111452833,1111435853,PHC,27.601666666666667,70.86666666666666,59.083333333333336,26.5995,71.66369999999999,64.0608,True,True,PHC is closer and functional,59.083333333333336,78.58083333333335,14.093376000000001,3.20304,4.484256,768.7296,160.152,960.912
381162,1111452833,1111435853,PHC,26.395,69.66000000000001,60.29,25.2912,70.35539999999999,65.369,True,True,PHC is closer and functional,60.29,80.1857,14.38118,3.26845,4.575830000000001,784.428,163.4225,980.535
381166,1111452833,1111435853,PHC,15.653333333333334,58.91833333333333,51.57666666666667,13.6757,58.7399,64.8889,True,True,PHC is closer and functional,51.57666666666667,68.59696666666667,14.275558000000002,3.2444450000000007,4.542223000000001,778.6668000000001,162.22225000000003,973.3335000000001
381158,1111452833,1111435853,PHC,27.26833333333333,70.53333333333333,59.41666666666666,26.239,71.3032,64.4212,True,True,PHC is closer and functional,59.41666666666666,79.02416666666666,14.172664,3.22106,4.5094840000000005,773.0544,161.053,966.318
381165,1111452833,1111435853,PHC,27.23333333333333,70.49833333333332,59.45166666666667,26.2007,71.2649,64.4596,True,True,PHC is closer and functional,59.45166666666667,79.07071666666667,14.181111999999999,3.2229799999999997,4.512172,773.5151999999999,161.149,966.8939999999999
381156,1111452833,1111435853,PHC,35.995,79.26,50.59666666666667,35.5839,80.6481,55.0763,True,True,PHC is closer and functional,50.59666666666667,67.29356666666668,12.116786000000001,2.7538150000000003,3.8553410000000006,660.9156,137.69075,826.1445000000001
381157,1111452833,1111435853,PHC,35.97166666666667,79.23666666666666,50.62,35.559,80.6232,55.1013,True,True,PHC is closer and functional,50.62,67.3246,12.122286,2.755065,3.8570910000000005,661.2156,137.75325,826.5195
381164,1111452833,1111435853,PHC,25.863333333333333,69.12833333333333,60.82166666666667,24.7155,69.77969999999999,65.9447,True,True,PHC is closer and functional,60.82166666666667,80.89281666666668,14.507833999999999,3.297235,4.616129,791.3363999999999,164.86175,989.1705
381159,1111452833,1111435853,PHC,27.945,71.21000000000001,58.74,26.972900000000003,72.03710000000001,63.6873,True,True,PHC is closer and functional,58.74,78.1242,14.011206,3.184365,4.458111000000001,764.2476,159.21825,955.3095
381160,1111452833,1111435853,PHC,28.96333333333333,72.22833333333332,57.72166666666667,28.0786,73.14280000000001,62.5816,True,True,PHC is closer and functional,57.72166666666667,76.76981666666667,13.767952000000001,3.12908,4.380712000000001,750.9792,156.454,938.724
381163,1111452833,1111435853,PHC,23.16333333333333,66.42833333333333,59.086666666666666,21.7855,66.8497,72.99860000000001,True,True,PHC is closer and functional,59.086666666666666,78.58526666666667,16.059692000000002,3.649930000000001,5.109902000000001,875.9832000000001,182.49650000000003,1094.9790000000003
